,Trial-ID,Status,Iteration,batch_size,filtro1,filtro2,kernel1,kernel2,kernel3,kernel4,lr,neuroni1,neuroni2,stride1,stride3,Objective
0,1,INTERMEDIATE,1,2048.0,32.0,38.0,1.0,1.0,1.0,1.0,0.0383452173102583,64.0,27.0,1.0,1.0,2.96491540342915e-05
1,1,COMPLETED,1,2048.0,32.0,38.0,1.0,1.0,1.0,1.0,0.0383452173102583,64.0,27.0,1.0,1.0,2.96491540342915e-05
2,2,INTERMEDIATE,1,1024.0,27.0,16.0,1.0,1.0,1.0,1.0,0.018324742157686494,26.0,27.0,1.0,1.0,1.0682603539054968e-05
3,2,COMPLETED,1,1024.0,27.0,16.0,1.0,1.0,1.0,1.0,0.018324742157686494,26.0,27.0,1.0,1.0,1.0682603539054968e-05
4,3,INTERMEDIATE,1,256.0,19.0,46.0,1.0,1.0,1.0,1.0,0.004376319965418801,16.0,83.0,1.0,1.0,1.5340461272476354e-05
5,3,COMPLETED,1,256.0,19.0,46.0,1.0,1.0,1.0,1.0,0.004376319965418801,16.0,83.0,1.0,1.0,1.5340461272476354e-05
6,4,INTERMEDIATE,1,1024.0,23.0,18.0,1.0,1.0,1.0,1.0,0.027485091348474443,63.0,25.0,1.0,1.0,1.9103923922261218e-05
7,4,COMPLETED,1,1024.0,23.0,18.0,1.0,1.0,1.0,1.0,0.027485091348474443,63.0,25.0,1.0,1.0,1.9103923922261218e-05
8,5,INTERMEDIATE,1,256.0,16.0,39.0,1.0,1.0,1.0,1.0,0.04294449402272734,30.0,30.0,1.0,1.0,1.7523825982452016e-05
9,5,COMPLETED,1,256.0,16.0,39.0,1.0,1.0,1.0,1.0,0.04294449402272734,30.0,30.0,1.0,1.0,1.7523825982452016e-05
10,6,INTERMEDIATE,1,512.0,23.0,36.0,1.0,1.0,1.0,1.0,0.03257321140075995,84.0,35.0,1.0,1.0,5.679789316138251e-05
11,6,COMPLETED,1,512.0,23.0,36.0,1.0,1.0,1.0,1.0,0.03257321140075995,84.0,35.0,1.0,1.0,5.679789316138251e-05
12,7,INTERMEDIATE,1,1024.0,17.0,41.0,1.0,1.0,1.0,1.0,0.01136108705835656,46.0,39.0,1.0,1.0,0.0007733783640490035
13,7,COMPLETED,1,1024.0,17.0,41.0,1.0,1.0,1.0,1.0,0.01136108705835656,46.0,39.0,1.0,1.0,0.0007733783640490035
14,8,INTERMEDIATE,1,256.0,13.0,44.0,1.0,1.0,1.0,1.0,0.03760228276698671,30.0,55.0,1.0,1.0,0.03413497927352086
15,8,COMPLETED,1,256.0,13.0,44.0,1.0,1.0,1.0,1.0,0.03760228276698671,30.0,55.0,1.0,1.0,0.03413497927352086
16,9,INTERMEDIATE,1,2048.0,25.0,11.0,1.0,1.0,1.0,1.0,0.022746169673256746,13.0,65.0,1.0,1.0,0.03351963353489333
17,9,COMPLETED,1,2048.0,25.0,11.0,1.0,1.0,1.0,1.0,0.022746169673256746,13.0,65.0,1.0,1.0,0.03351963353489333
18,10,INTERMEDIATE,1,256.0,30.0,17.0,1.0,1.0,1.0,1.0,0.025026022801583583,35.0,37.0,1.0,1.0,7.815623543926644e-06
19,10,COMPLETED,1,256.0,30.0,17.0,1.0,1.0,1.0,1.0,0.025026022801583583,35.0,37.0,1.0,1.0,7.815623543926644e-06
20,11,INTERMEDIATE,1,2048.0,43.0,39.0,1.0,1.0,1.0,1.0,0.0017557830276762932,14.0,53.0,1.0,1.0,1.2446970254888642e-05
21,11,COMPLETED,1,2048.0,43.0,39.0,1.0,1.0,1.0,1.0,0.0017557830276762932,14.0,53.0,1.0,1.0,1.2446970254888642e-05
22,12,INTERMEDIATE,1,256.0,38.0,24.0,1.0,1.0,1.0,1.0,0.0031353216715257494,10.0,65.0,1.0,1.0,6.942968131502195e-06
23,12,COMPLETED,1,256.0,38.0,24.0,1.0,1.0,1.0,1.0,0.0031353216715257494,10.0,65.0,1.0,1.0,6.942968131502195e-06
24,13,INTERMEDIATE,1,2048.0,24.0,23.0,1.0,1.0,1.0,1.0,0.030385893905335137,34.0,87.0,1.0,1.0,0.0001112932430618708
25,13,COMPLETED,1,2048.0,24.0,23.0,1.0,1.0,1.0,1.0,0.030385893905335137,34.0,87.0,1.0,1.0,0.0001112932430618708
26,14,INTERMEDIATE,1,256.0,20.0,47.0,1.0,1.0,1.0,1.0,0.010523268345409531,16.0,82.0,1.0,1.0,1.4825725575524511e-05
27,14,COMPLETED,1,256.0,20.0,47.0,1.0,1.0,1.0,1.0,0.010523268345409531,16.0,82.0,1.0,1.0,1.4825725575524511e-05
28,15,INTERMEDIATE,1,256.0,45.0,31.0,1.0,1.0,1.0,1.0,5e-05,10.0,64.0,1.0,1.0,2.0781913015695237e-05
29,15,COMPLETED,1,256.0,45.0,31.0,1.0,1.0,1.0,1.0,5e-05,10.0,64.0,1.0,1.0,2.0781913015695237e-05
30,16,INTERMEDIATE,1,1024.0,22.0,32.0,1.0,1.0,1.0,1.0,0.023054155236271204,44.0,28.0,1.0,1.0,7.653321760523659e-05
31,16,COMPLETED,1,1024.0,22.0,32.0,1.0,1.0,1.0,1.0,0.023054155236271204,44.0,28.0,1.0,1.0,7.653321760523659e-05
32,17,INTERMEDIATE,1,1024.0,18.0,35.0,1.0,1.0,1.0,1.0,0.007852542133461288,62.0,34.0,1.0,1.0,1.4172086328945797e-05
33,17,COMPLETED,1,1024.0,18.0,35.0,1.0,1.0,1.0,1.0,0.007852542133461288,62.0,34.0,1.0,1.0,1.4172086328945797e-05
34,18,INTERMEDIATE,1,256.0,16.0,47.0,1.0,1.0,1.0,1.0,0.015232317016870056,47.0,25.0,1.0,1.0,9.850487498008411e-06
35,18,COMPLETED,1,256.0,16.0,47.0,1.0,1.0,1.0,1.0,0.015232317016870056,47.0,25.0,1.0,1.0,9.850487498008411e-06
36,19,INTERMEDIATE,1,256.0,33.0,40.0,1.0,1.0,1.0,1.0,0.01416669674525897,20.0,91.0,1.0,1.0,1.1058487830750858e-05
37,19,COMPLETED,1,256.0,33.0,40.0,1.0,1.0,1.0,1.0,0.01416669674525897,20.0,91.0,1.0,1.0,1.1058487830750858e-05
38,20,INTERMEDIATE,1,256.0,27.0,36.0,1.0,1.0,1.0,1.0,0.03047084904503225,27.0,19.0,1.0,1.0,3.5281603729803065e-05
39,20,COMPLETED,1,256.0,27.0,36.0,1.0,1.0,1.0,1.0,0.03047084904503225,27.0,19.0,1.0,1.0,3.5281603729803065e-05
40,21,INTERMEDIATE,1,2048.0,26.0,32.0,1.0,1.0,1.0,1.0,0.019775554440192123,37.0,100.0,1.0,1.0,6.743426798831487e-05
41,21,COMPLETED,1,2048.0,26.0,32.0,1.0,1.0,1.0,1.0,0.019775554440192123,37.0,100.0,1.0,1.0,6.743426798831487e-05
42,22,INTERMEDIATE,1,256.0,45.0,27.0,1.0,1.0,1.0,1.0,5e-05,30.0,31.0,1.0,1.0,8.808265798738994e-06
43,22,COMPLETED,1,256.0,45.0,27.0,1.0,1.0,1.0,1.0,5e-05,30.0,31.0,1.0,1.0,8.808265798738994e-06
44,23,INTERMEDIATE,1,256.0,38.0,13.0,1.0,1.0,1.0,1.0,0.03148553893147683,44.0,24.0,1.0,1.0,0.033318035780068624
45,23,COMPLETED,1,256.0,38.0,13.0,1.0,1.0,1.0,1.0,0.03148553893147683,44.0,24.0,1.0,1.0,0.033318035780068624
46,24,INTERMEDIATE,1,256.0,31.0,26.0,1.0,1.0,1.0,1.0,0.005334171614550566,26.0,34.0,1.0,1.0,1.1420682062869533e-05
47,24,COMPLETED,1,256.0,31.0,26.0,1.0,1.0,1.0,1.0,0.005334171614550566,26.0,34.0,1.0,1.0,1.1420682062869533e-05
48,25,INTERMEDIATE,1,1024.0,21.0,26.0,1.0,1.0,1.0,1.0,0.042008645706984954,73.0,25.0,1.0,1.0,1.6598500204626975e-05
49,25,COMPLETED,1,1024.0,21.0,26.0,1.0,1.0,1.0,1.0,0.042008645706984954,73.0,25.0,1.0,1.0,1.6598500204626975e-05
50,26,INTERMEDIATE,1,256.0,49.0,31.0,1.0,1.0,1.0,1.0,5e-05,21.0,40.0,1.0,1.0,9.19673275808201e-06
51,26,COMPLETED,1,256.0,49.0,31.0,1.0,1.0,1.0,1.0,5e-05,21.0,40.0,1.0,1.0,9.19673275808201e-06
52,27,INTERMEDIATE,1,1024.0,13.0,24.0,1.0,1.0,1.0,1.0,0.008167665065550833,29.0,26.0,1.0,1.0,0.000518171550117279
53,27,COMPLETED,1,1024.0,13.0,24.0,1.0,1.0,1.0,1.0,0.008167665065550833,29.0,26.0,1.0,1.0,0.000518171550117279
54,28,INTERMEDIATE,1,1024.0,44.0,42.0,1.0,1.0,1.0,1.0,5e-05,28.0,30.0,1.0,1.0,0.00014725934954662904
55,28,COMPLETED,1,1024.0,44.0,42.0,1.0,1.0,1.0,1.0,5e-05,28.0,30.0,1.0,1.0,0.00014725934954662904
56,29,INTERMEDIATE,1,1024.0,10.0,16.0,1.0,1.0,1.0,1.0,0.00728298849064483,65.0,31.0,1.0,1.0,3.678862137089815e-05
57,29,COMPLETED,1,1024.0,10.0,16.0,1.0,1.0,1.0,1.0,0.00728298849064483,65.0,31.0,1.0,1.0,3.678862137089815e-05
58,30,INTERMEDIATE,1,512.0,31.0,47.0,2.0,1.0,1.0,2.0,5e-05,50.0,33.0,1.0,1.0,0.0010416608193545274
59,30,COMPLETED,1,512.0,31.0,47.0,2.0,1.0,1.0,2.0,5e-05,50.0,33.0,1.0,1.0,0.0010416608193545274
60,31,INTERMEDIATE,1,1024.0,43.0,30.0,1.0,1.0,1.0,1.0,5e-05,13.0,24.0,1.0,1.0,0.0020252283159069144
61,31,COMPLETED,1,1024.0,43.0,30.0,1.0,1.0,1.0,1.0,5e-05,13.0,24.0,1.0,1.0,0.0020252283159069144
62,32,INTERMEDIATE,1,1024.0,10.0,42.0,1.0,1.0,1.0,1.0,0.05,31.0,15.0,1.0,1.0,2.9116428374956933e-05
63,32,COMPLETED,1,1024.0,10.0,42.0,1.0,1.0,1.0,1.0,0.05,31.0,15.0,1.0,1.0,2.9116428374956933e-05
64,33,INTERMEDIATE,1,2048.0,24.0,50.0,2.0,1.0,1.0,1.0,0.05,10.0,95.0,1.0,1.0,0.03283532746315632
65,33,COMPLETED,1,2048.0,24.0,50.0,2.0,1.0,1.0,1.0,0.05,10.0,95.0,1.0,1.0,0.03283532746315632
66,34,INTERMEDIATE,1,256.0,29.0,37.0,1.0,1.0,1.0,1.0,5e-05,26.0,84.0,1.0,1.0,1.1614885030248157e-05
67,34,COMPLETED,1,256.0,29.0,37.0,1.0,1.0,1.0,1.0,5e-05,26.0,84.0,1.0,1.0,1.1614885030248157e-05
68,35,INTERMEDIATE,1,256.0,39.0,32.0,1.0,1.0,1.0,1.0,5e-05,26.0,93.0,1.0,1.0,9.556888623685833e-06
69,35,COMPLETED,1,256.0,39.0,32.0,1.0,1.0,1.0,1.0,5e-05,26.0,93.0,1.0,1.0,9.556888623685833e-06
70,36,INTERMEDIATE,1,256.0,39.0,35.0,1.0,1.0,1.0,1.0,5e-05,16.0,80.0,1.0,1.0,8.064774611607436e-06
71,36,COMPLETED,1,256.0,39.0,35.0,1.0,1.0,1.0,1.0,5e-05,16.0,80.0,1.0,1.0,8.064774611607436e-06
72,37,INTERMEDIATE,1,1024.0,10.0,29.0,1.0,1.0,1.0,1.0,0.05,56.0,22.0,1.0,1.0,1.5078508298036752e-05
73,37,COMPLETED,1,1024.0,10.0,29.0,1.0,1.0,1.0,1.0,0.05,56.0,22.0,1.0,1.0,1.5078508298036752e-05
74,38,INTERMEDIATE,1,512.0,24.0,21.0,2.0,1.0,1.0,2.0,0.006494485331340145,72.0,40.0,2.0,2.0,0.018592100297111582
75,38,COMPLETED,1,512.0,24.0,21.0,2.0,1.0,1.0,2.0,0.006494485331340145,72.0,40.0,2.0,2.0,0.018592100297111582
76,39,INTERMEDIATE,1,1024.0,14.0,20.0,1.0,1.0,1.0,1.0,0.016978401172845443,66.0,19.0,1.0,1.0,8.216098438080892e-06
77,39,COMPLETED,1,1024.0,14.0,20.0,1.0,1.0,1.0,1.0,0.016978401172845443,66.0,19.0,1.0,1.0,8.216098438080892e-06
78,40,INTERMEDIATE,1,1024.0,20.0,41.0,1.0,1.0,1.0,1.0,0.05,73.0,23.0,1.0,1.0,0.0003080488572762481
79,40,COMPLETED,1,1024.0,20.0,41.0,1.0,1.0,1.0,1.0,0.05,73.0,23.0,1.0,1.0,0.0003080488572762481
80,41,INTERMEDIATE,1,2048.0,27.0,39.0,1.0,1.0,1.0,1.0,0.05,90.0,23.0,1.0,1.0,7.572311385724683e-06
81,41,COMPLETED,1,2048.0,27.0,39.0,1.0,1.0,1.0,1.0,0.05,90.0,23.0,1.0,1.0,7.572311385724683e-06
82,42,INTERMEDIATE,1,1024.0,21.0,32.0,1.0,2.0,2.0,1.0,5e-05,62.0,21.0,1.0,1.0,0.022025178597797863
83,42,COMPLETED,1,1024.0,21.0,32.0,1.0,2.0,2.0,1.0,5e-05,62.0,21.0,1.0,1.0,0.022025178597797863
84,43,INTERMEDIATE,1,1024.0,23.0,36.0,1.0,1.0,1.0,1.0,0.05,81.0,26.0,1.0,1.0,6.950040041692615e-05
85,43,COMPLETED,1,1024.0,23.0,36.0,1.0,1.0,1.0,1.0,0.05,81.0,26.0,1.0,1.0,6.950040041692615e-05
86,44,INTERMEDIATE,1,1024.0,10.0,33.0,1.0,1.0,1.0,1.0,0.05,47.0,29.0,1.0,1.0,0.033429783275317114
87,44,COMPLETED,1,1024.0,10.0,33.0,1.0,1.0,1.0,1.0,0.05,47.0,29.0,1.0,1.0,0.033429783275317114
88,45,INTERMEDIATE,1,256.0,35.0,35.0,1.0,1.0,1.0,1.0,0.0028351166582403936,23.0,87.0,1.0,1.0,7.694812403926678e-06
89,45,COMPLETED,1,256.0,35.0,35.0,1.0,1.0,1.0,1.0,0.0028351166582403936,23.0,87.0,1.0,1.0,7.694812403926678e-06
90,46,INTERMEDIATE,1,1024.0,16.0,17.0,1.0,1.0,1.0,1.0,0.03975850382004806,66.0,25.0,1.0,1.0,6.591765896692458e-06
91,46,COMPLETED,1,1024.0,16.0,17.0,1.0,1.0,1.0,1.0,0.03975850382004806,66.0,25.0,1.0,1.0,6.591765896692458e-06
92,47,INTERMEDIATE,1,1024.0,25.0,34.0,1.0,1.0,1.0,1.0,0.015872246920872586,37.0,28.0,1.0,1.0,2.1382794632860428e-05
93,47,COMPLETED,1,1024.0,25.0,34.0,1.0,1.0,1.0,1.0,0.015872246920872586,37.0,28.0,1.0,1.0,2.1382794632860428e-05
94,48,INTERMEDIATE,1,1024.0,26.0,39.0,1.0,1.0,1.0,1.0,0.004914451307626117,44.0,32.0,1.0,1.0,2.2248264369532807e-05
95,48,COMPLETED,1,1024.0,26.0,39.0,1.0,1.0,1.0,1.0,0.004914451307626117,44.0,32.0,1.0,1.0,2.2248264369532807e-05
96,49,INTERMEDIATE,1,256.0,23.0,27.0,1.0,1.0,1.0,1.0,0.021630067861821655,28.0,27.0,1.0,1.0,2.1991387133045097e-05
97,49,COMPLETED,1,256.0,23.0,27.0,1.0,1.0,1.0,1.0,0.021630067861821655,28.0,27.0,1.0,1.0,2.1991387133045097e-05
98,50,INTERMEDIATE,1,256.0,41.0,33.0,1.0,1.0,1.0,1.0,0.0041890947562926275,24.0,33.0,1.0,1.0,7.165221128489309e-05
99,50,COMPLETED,1,256.0,41.0,33.0,1.0,1.0,1.0,1.0,0.0041890947562926275,24.0,33.0,1.0,1.0,7.165221128489309e-05
100,51,INTERMEDIATE,1,1024.0,24.0,42.0,1.0,1.0,1.0,1.0,0.020332388459049975,59.0,37.0,1.0,1.0,7.327826398115666e-05
101,51,COMPLETED,1,1024.0,24.0,42.0,1.0,1.0,1.0,1.0,0.020332388459049975,59.0,37.0,1.0,1.0,7.327826398115666e-05
102,52,INTERMEDIATE,1,2048.0,25.0,42.0,1.0,1.0,1.0,1.0,0.05,72.0,32.0,1.0,1.0,0.0002992982224254473
103,52,COMPLETED,1,2048.0,25.0,42.0,1.0,1.0,1.0,1.0,0.05,72.0,32.0,1.0,1.0,0.0002992982224254473
104,53,INTERMEDIATE,1,1024.0,10.0,22.0,1.0,1.0,1.0,1.0,0.05,59.0,21.0,1.0,1.0,0.03321125659331959
105,53,COMPLETED,1,1024.0,10.0,22.0,1.0,1.0,1.0,1.0,0.05,59.0,21.0,1.0,1.0,0.03321125659331959
106,54,INTERMEDIATE,1,256.0,31.0,38.0,1.0,1.0,1.0,1.0,0.0055807391561275115,24.0,89.0,1.0,1.0,1.2554250088189533e-05
107,54,COMPLETED,1,256.0,31.0,38.0,1.0,1.0,1.0,1.0,0.0055807391561275115,24.0,89.0,1.0,1.0,1.2554250088189533e-05
108,55,INTERMEDIATE,1,1024.0,22.0,39.0,1.0,1.0,1.0,1.0,0.04662739509395606,76.0,28.0,1.0,1.0,0.010074723048680415
109,55,COMPLETED,1,1024.0,22.0,39.0,1.0,1.0,1.0,1.0,0.04662739509395606,76.0,28.0,1.0,1.0,0.010074723048680415
110,56,INTERMEDIATE,1,256.0,27.0,22.0,1.0,1.0,1.0,1.0,0.01578617162986605,27.0,30.0,1.0,1.0,4.818839442745934e-05
111,56,COMPLETED,1,256.0,27.0,22.0,1.0,1.0,1.0,1.0,0.01578617162986605,27.0,30.0,1.0,1.0,4.818839442745934e-05
112,57,INTERMEDIATE,1,256.0,46.0,30.0,1.0,1.0,1.0,1.0,0.0003279688660804207,25.0,35.0,1.0,1.0,1.0508575585637092e-05
113,57,COMPLETED,1,256.0,46.0,30.0,1.0,1.0,1.0,1.0,0.0003279688660804207,25.0,35.0,1.0,1.0,1.0508575585637092e-05
114,58,INTERMEDIATE,1,1024.0,17.0,19.0,1.0,1.0,1.0,1.0,0.009865704522280463,69.0,20.0,1.0,1.0,0.00015449734436838615
115,58,COMPLETED,1,1024.0,17.0,19.0,1.0,1.0,1.0,1.0,0.009865704522280463,69.0,20.0,1.0,1.0,0.00015449734436838615
116,59,INTERMEDIATE,1,2048.0,27.0,41.0,1.0,1.0,1.0,1.0,0.04034821392799806,66.0,33.0,1.0,1.0,1.305830891621933e-05
117,59,COMPLETED,1,2048.0,27.0,41.0,1.0,1.0,1.0,1.0,0.04034821392799806,66.0,33.0,1.0,1.0,1.305830891621933e-05
118,60,INTERMEDIATE,1,1024.0,24.0,35.0,1.0,1.0,1.0,1.0,0.046215268472599894,86.0,27.0,1.0,1.0,0.03402962654341335
119,60,COMPLETED,1,1024.0,24.0,35.0,1.0,1.0,1.0,1.0,0.046215268472599894,86.0,27.0,1.0,1.0,0.03402962654341335
120,61,INTERMEDIATE,1,256.0,32.0,37.0,1.0,1.0,1.0,1.0,0.0024432449156735836,24.0,86.0,1.0,1.0,8.895115971824656e-06
121,61,COMPLETED,1,256.0,32.0,37.0,1.0,1.0,1.0,1.0,0.0024432449156735836,24.0,86.0,1.0,1.0,8.895115971824656e-06
122,62,INTERMEDIATE,1,256.0,43.0,30.0,1.0,1.0,1.0,1.0,0.0017593659160706433,27.0,32.0,1.0,1.0,2.3926254213303912e-05
123,62,COMPLETED,1,256.0,43.0,30.0,1.0,1.0,1.0,1.0,0.0017593659160706433,27.0,32.0,1.0,1.0,2.3926254213303912e-05
124,63,INTERMEDIATE,1,1024.0,25.0,35.0,1.0,1.0,1.0,1.0,0.013841488047023521,42.0,29.0,1.0,1.0,3.736332154452071e-05
125,63,COMPLETED,1,1024.0,25.0,35.0,1.0,1.0,1.0,1.0,0.013841488047023521,42.0,29.0,1.0,1.0,3.736332154452071e-05
126,64,INTERMEDIATE,1,2048.0,28.0,41.0,1.0,1.0,1.0,1.0,0.05,92.0,21.0,1.0,1.0,3.267198808629915e-05
127,64,COMPLETED,1,2048.0,28.0,41.0,1.0,1.0,1.0,1.0,0.05,92.0,21.0,1.0,1.0,3.267198808629915e-05
128,65,INTERMEDIATE,1,1024.0,22.0,39.0,1.0,1.0,1.0,1.0,0.022606334603083637,63.0,35.0,1.0,1.0,0.00039608841234582546
129,65,COMPLETED,1,1024.0,22.0,39.0,1.0,1.0,1.0,1.0,0.022606334603083637,63.0,35.0,1.0,1.0,0.00039608841234582546
130,66,INTERMEDIATE,1,256.0,28.0,27.0,1.0,1.0,1.0,1.0,0.01365405022452461,29.0,30.0,1.0,1.0,3.927877684601693e-05
131,66,COMPLETED,1,256.0,28.0,27.0,1.0,1.0,1.0,1.0,0.01365405022452461,29.0,30.0,1.0,1.0,3.927877684601693e-05
132,67,INTERMEDIATE,1,256.0,36.0,36.0,1.0,1.0,1.0,1.0,0.007111395248029338,24.0,92.0,1.0,1.0,2.102151716486252e-05
133,67,COMPLETED,1,256.0,36.0,36.0,1.0,1.0,1.0,1.0,0.007111395248029338,24.0,92.0,1.0,1.0,2.102151716486252e-05
134,68,INTERMEDIATE,1,256.0,30.0,21.0,1.0,1.0,1.0,1.0,0.017062318501910558,31.0,34.0,1.0,1.0,6.575382302766999e-05
135,68,COMPLETED,1,256.0,30.0,21.0,1.0,1.0,1.0,1.0,0.017062318501910558,31.0,34.0,1.0,1.0,6.575382302766999e-05
136,69,INTERMEDIATE,1,256.0,24.0,33.0,1.0,1.0,1.0,1.0,0.025675600944103757,30.0,25.0,1.0,1.0,8.056433869110249e-05
137,69,COMPLETED,1,256.0,24.0,33.0,1.0,1.0,1.0,1.0,0.025675600944103757,30.0,25.0,1.0,1.0,8.056433869110249e-05
138,70,INTERMEDIATE,1,256.0,20.0,33.0,1.0,1.0,1.0,1.0,0.025166468797094357,31.0,30.0,1.0,1.0,1.0971573990928342e-05
139,70,COMPLETED,1,256.0,20.0,33.0,1.0,1.0,1.0,1.0,0.025166468797094357,31.0,30.0,1.0,1.0,1.0971573990928342e-05
140,71,INTERMEDIATE,1,1024.0,23.0,35.0,1.0,1.0,1.0,1.0,0.05,79.0,23.0,1.0,1.0,0.03323560646733342
141,71,COMPLETED,1,1024.0,23.0,35.0,1.0,1.0,1.0,1.0,0.05,79.0,23.0,1.0,1.0,0.03323560646733342
142,72,INTERMEDIATE,1,256.0,29.0,24.0,1.0,1.0,1.0,1.0,0.012548333533165736,28.0,32.0,1.0,1.0,1.5329445678849188e-05
143,72,COMPLETED,1,256.0,29.0,24.0,1.0,1.0,1.0,1.0,0.012548333533165736,28.0,32.0,1.0,1.0,1.5329445678849188e-05
144,73,INTERMEDIATE,1,256.0,25.0,25.0,1.0,1.0,1.0,1.0,0.018127400157120305,28.0,30.0,1.0,1.0,1.3895556685786952e-05
145,73,COMPLETED,1,256.0,25.0,25.0,1.0,1.0,1.0,1.0,0.018127400157120305,28.0,30.0,1.0,1.0,1.3895556685786952e-05
146,74,INTERMEDIATE,1,256.0,34.0,38.0,1.0,1.0,1.0,1.0,0.010727043918276415,22.0,89.0,1.0,1.0,0.0001931245941119648
147,74,COMPLETED,1,256.0,34.0,38.0,1.0,1.0,1.0,1.0,0.010727043918276415,22.0,89.0,1.0,1.0,0.0001931245941119648
148,75,INTERMEDIATE,1,1024.0,23.0,37.0,1.0,1.0,1.0,1.0,0.05,81.0,28.0,1.0,1.0,6.607371363478705e-06
149,75,COMPLETED,1,1024.0,23.0,37.0,1.0,1.0,1.0,1.0,0.05,81.0,28.0,1.0,1.0,6.607371363478705e-06
150,76,INTERMEDIATE,1,256.0,24.0,30.0,1.0,1.0,1.0,1.0,0.019977859010698262,31.0,29.0,1.0,1.0,8.861370693361929e-06
151,76,COMPLETED,1,256.0,24.0,30.0,1.0,1.0,1.0,1.0,0.019977859010698262,31.0,29.0,1.0,1.0,8.861370693361929e-06
152,77,INTERMEDIATE,1,1024.0,22.0,33.0,1.0,1.0,1.0,1.0,0.026211350623529417,34.0,27.0,1.0,1.0,5.6599511375996024e-05
153,77,COMPLETED,1,1024.0,22.0,33.0,1.0,1.0,1.0,1.0,0.026211350623529417,34.0,27.0,1.0,1.0,5.6599511375996024e-05
154,78,INTERMEDIATE,1,1024.0,20.0,18.0,1.0,1.0,1.0,1.0,0.020859965772079672,66.0,22.0,1.0,1.0,2.0397553090104892e-05
155,78,COMPLETED,1,1024.0,20.0,18.0,1.0,1.0,1.0,1.0,0.020859965772079672,66.0,22.0,1.0,1.0,2.0397553090104892e-05
156,79,INTERMEDIATE,1,1024.0,19.0,21.0,1.0,1.0,1.0,1.0,0.03906315855565759,69.0,25.0,1.0,1.0,1.1443211244179322e-05
157,79,COMPLETED,1,1024.0,19.0,21.0,1.0,1.0,1.0,1.0,0.03906315855565759,69.0,25.0,1.0,1.0,1.1443211244179322e-05
158,80,INTERMEDIATE,1,256.0,22.0,38.0,1.0,1.0,1.0,1.0,0.031837600407672556,32.0,28.0,1.0,1.0,2.88358596963514e-05
159,80,COMPLETED,1,256.0,22.0,38.0,1.0,1.0,1.0,1.0,0.031837600407672556,32.0,28.0,1.0,1.0,2.88358596963514e-05
160,81,INTERMEDIATE,1,1024.0,19.0,36.0,1.0,1.0,1.0,1.0,0.037051229155670086,29.0,26.0,1.0,1.0,0.00016194151076790144
161,81,COMPLETED,1,1024.0,19.0,36.0,1.0,1.0,1.0,1.0,0.037051229155670086,29.0,26.0,1.0,1.0,0.00016194151076790144
162,82,INTERMEDIATE,1,1024.0,45.0,36.0,1.0,1.0,1.0,1.0,0.0002524366627241867,27.0,32.0,1.0,1.0,8.953606429930754e-06
163,82,COMPLETED,1,1024.0,45.0,36.0,1.0,1.0,1.0,1.0,0.0002524366627241867,27.0,32.0,1.0,1.0,8.953606429930754e-06
164,83,INTERMEDIATE,1,256.0,46.0,35.0,1.0,1.0,1.0,1.0,0.0014660959188772878,23.0,37.0,1.0,1.0,6.180256248779152e-06
165,83,COMPLETED,1,256.0,46.0,35.0,1.0,1.0,1.0,1.0,0.0014660959188772878,23.0,37.0,1.0,1.0,6.180256248779152e-06
166,84,INTERMEDIATE,1,256.0,33.0,33.0,1.0,1.0,1.0,1.0,0.004641051831568459,28.0,90.0,1.0,1.0,0.0001399749407855608
167,84,COMPLETED,1,256.0,33.0,33.0,1.0,1.0,1.0,1.0,0.004641051831568459,28.0,90.0,1.0,1.0,0.0001399749407855608
168,85,INTERMEDIATE,1,256.0,43.0,33.0,1.0,1.0,1.0,1.0,0.0038252972899743163,29.0,37.0,1.0,1.0,1.2927490731233105e-05
169,85,COMPLETED,1,256.0,43.0,33.0,1.0,1.0,1.0,1.0,0.0038252972899743163,29.0,37.0,1.0,1.0,1.2927490731233105e-05
170,86,INTERMEDIATE,1,1024.0,25.0,33.0,1.0,1.0,1.0,1.0,0.033157545554222144,26.0,30.0,1.0,1.0,5.068998117825174e-05
171,86,COMPLETED,1,1024.0,25.0,33.0,1.0,1.0,1.0,1.0,0.033157545554222144,26.0,30.0,1.0,1.0,5.068998117825174e-05
172,87,INTERMEDIATE,1,1024.0,36.0,30.0,1.0,1.0,1.0,1.0,0.01348857808992943,30.0,32.0,1.0,1.0,0.0008792806474992058
173,87,COMPLETED,1,1024.0,36.0,30.0,1.0,1.0,1.0,1.0,0.01348857808992943,30.0,32.0,1.0,1.0,0.0008792806474992058
174,88,INTERMEDIATE,1,1024.0,30.0,35.0,1.0,1.0,1.0,1.0,0.011769069565695157,29.0,27.0,1.0,1.0,1.1427469557673415e-05
175,88,COMPLETED,1,1024.0,30.0,35.0,1.0,1.0,1.0,1.0,0.011769069565695157,29.0,27.0,1.0,1.0,1.1427469557673415e-05
176,89,INTERMEDIATE,1,256.0,28.0,34.0,1.0,1.0,1.0,1.0,0.017691365808270736,34.0,34.0,1.0,1.0,1.7675303385689586e-05
177,89,COMPLETED,1,256.0,28.0,34.0,1.0,1.0,1.0,1.0,0.017691365808270736,34.0,34.0,1.0,1.0,1.7675303385689586e-05
178,90,INTERMEDIATE,1,512.0,22.0,41.0,1.0,1.0,1.0,1.0,0.04644391149897139,80.0,37.0,1.0,1.0,0.034039161720359624
179,90,COMPLETED,1,512.0,22.0,41.0,1.0,1.0,1.0,1.0,0.04644391149897139,80.0,37.0,1.0,1.0,0.034039161720359624
180,91,INTERMEDIATE,1,1024.0,26.0,35.0,2.0,1.0,1.0,1.0,0.01006280407231211,31.0,30.0,1.0,2.0,7.668139664861279e-06
181,91,COMPLETED,1,1024.0,26.0,35.0,2.0,1.0,1.0,1.0,0.01006280407231211,31.0,30.0,1.0,2.0,7.668139664861279e-06
182,92,INTERMEDIATE,1,1024.0,43.0,31.0,1.0,1.0,1.0,1.0,0.011691445068411698,24.0,39.0,1.0,1.0,2.1542273220477362e-05
183,92,COMPLETED,1,1024.0,43.0,31.0,1.0,1.0,1.0,1.0,0.011691445068411698,24.0,39.0,1.0,1.0,2.1542273220477362e-05
184,93,INTERMEDIATE,1,256.0,30.0,32.0,1.0,1.0,1.0,2.0,0.05,28.0,33.0,1.0,1.0,0.03376703465415985
185,93,COMPLETED,1,256.0,30.0,32.0,1.0,1.0,1.0,2.0,0.05,28.0,33.0,1.0,1.0,0.03376703465415985
186,94,INTERMEDIATE,1,256.0,25.0,35.0,1.0,1.0,1.0,1.0,0.0010882963000035679,35.0,32.0,1.0,1.0,6.2936329382233745e-06
187,94,COMPLETED,1,256.0,25.0,35.0,1.0,1.0,1.0,1.0,0.0010882963000035679,35.0,32.0,1.0,1.0,6.2936329382233745e-06
188,95,INTERMEDIATE,1,1024.0,23.0,35.0,1.0,1.0,1.0,1.0,5e-05,28.0,28.0,1.0,1.0,0.008957092429419269
189,95,COMPLETED,1,1024.0,23.0,35.0,1.0,1.0,1.0,1.0,5e-05,28.0,28.0,1.0,1.0,0.008957092429419269
190,96,INTERMEDIATE,1,1024.0,44.0,33.0,1.0,1.0,1.0,1.0,0.0006106269304283596,26.0,35.0,1.0,1.0,1.3110668329005698e-05
191,96,COMPLETED,1,1024.0,44.0,33.0,1.0,1.0,1.0,1.0,0.0006106269304283596,26.0,35.0,1.0,1.0,1.3110668329005698e-05
192,97,INTERMEDIATE,1,256.0,33.0,23.0,1.0,1.0,1.0,1.0,5e-05,26.0,34.0,1.0,1.0,1.5574289927441704e-05
193,97,COMPLETED,1,256.0,33.0,23.0,1.0,1.0,1.0,1.0,5e-05,26.0,34.0,1.0,1.0,1.5574289927441704e-05
194,98,INTERMEDIATE,1,1024.0,27.0,35.0,2.0,1.0,1.0,1.0,0.022423448712318543,33.0,26.0,1.0,2.0,8.185191295624014e-06
195,98,COMPLETED,1,1024.0,27.0,35.0,2.0,1.0,1.0,1.0,0.022423448712318543,33.0,26.0,1.0,2.0,8.185191295624014e-06
196,99,INTERMEDIATE,1,256.0,18.0,36.0,1.0,1.0,1.0,1.0,0.05,32.0,27.0,1.0,1.0,0.0005263463908933172
197,99,COMPLETED,1,256.0,18.0,36.0,1.0,1.0,1.0,1.0,0.05,32.0,27.0,1.0,1.0,0.0005263463908933172
198,100,INTERMEDIATE,1,1024.0,27.0,29.0,1.0,1.0,1.0,1.0,0.009379999228174998,29.0,26.0,1.0,1.0,3.25761938676045e-05
199,100,COMPLETED,1,1024.0,27.0,29.0,1.0,1.0,1.0,1.0,0.009379999228174998,29.0,26.0,1.0,1.0,3.25761938676045e-05
