,Trial-ID,Status,Iteration,hidden1,hidden2,hidden_pm,hidden_tooth,hidden_winding,hidden_yoke,input_rec,lr,output_rec,window,Objective
0,1,INTERMEDIATE,1,35.0,10.0,10.0,16.0,6.0,7.0,0.0,0.0006423098522126265,0.0,1.0,118.77930856123567
1,1,COMPLETED,1,35.0,10.0,10.0,16.0,6.0,7.0,0.0,0.0006423098522126265,0.0,1.0,118.77930856123567
2,2,INTERMEDIATE,1,26.0,36.0,4.0,18.0,17.0,7.0,0.0,0.000741211859106483,0.0,6.0,233.35450249165297
3,2,COMPLETED,1,26.0,36.0,4.0,18.0,17.0,7.0,0.0,0.000741211859106483,0.0,6.0,233.35450249165297
4,3,INTERMEDIATE,1,37.0,17.0,7.0,4.0,7.0,10.0,0.0,0.0008841422523703102,0.0,7.0,206.73510696738958
5,3,COMPLETED,1,37.0,17.0,7.0,4.0,7.0,10.0,0.0,0.0008841422523703102,0.0,7.0,206.73510696738958
6,4,INTERMEDIATE,1,17.0,45.0,14.0,17.0,18.0,6.0,0.0,0.0009074509545594621,0.0,9.0,193.59946112893522
7,4,COMPLETED,1,17.0,45.0,14.0,17.0,18.0,6.0,0.0,0.0009074509545594621,0.0,9.0,193.59946112893522
8,5,INTERMEDIATE,1,41.0,22.0,10.0,19.0,11.0,9.0,0.0,0.0007732271040107255,0.0,3.0,226.96241283416748
9,5,COMPLETED,1,41.0,22.0,10.0,19.0,11.0,9.0,0.0,0.0007732271040107255,0.0,3.0,226.96241283416748
10,6,INTERMEDIATE,1,15.0,29.0,18.0,3.0,7.0,13.0,0.0,0.0001554071829792112,0.0,5.0,52.88864116114564
11,6,COMPLETED,1,15.0,29.0,18.0,3.0,7.0,13.0,0.0,0.0001554071829792112,0.0,5.0,52.88864116114564
12,7,INTERMEDIATE,1,42.0,12.0,8.0,18.0,11.0,6.0,0.0,0.0004894271698144349,0.0,8.0,87.51001264713705
13,7,COMPLETED,1,42.0,12.0,8.0,18.0,11.0,6.0,0.0,0.0004894271698144349,0.0,8.0,87.51001264713705
14,8,INTERMEDIATE,1,38.0,34.0,3.0,15.0,13.0,7.0,0.0,3.163867345047221e-05,0.0,1.0,141.73015239741653
15,8,COMPLETED,1,38.0,34.0,3.0,15.0,13.0,7.0,0.0,3.163867345047221e-05,0.0,1.0,141.73015239741653
16,9,INTERMEDIATE,1,34.0,46.0,13.0,16.0,3.0,4.0,0.0,0.0008732426554477141,0.0,1.0,156.00910115102306
17,9,COMPLETED,1,34.0,46.0,13.0,16.0,3.0,4.0,0.0,0.0008732426554477141,0.0,1.0,156.00910115102306
18,10,INTERMEDIATE,1,17.0,39.0,7.0,10.0,7.0,6.0,0.0,0.00045618257746796685,0.0,7.0,77.6346359308809
19,10,COMPLETED,1,17.0,39.0,7.0,10.0,7.0,6.0,0.0,0.00045618257746796685,0.0,7.0,77.6346359308809
20,11,INTERMEDIATE,1,42.0,43.0,5.0,17.0,5.0,17.0,0.0,0.0005192034685058283,0.0,6.0,143.42818834632635
21,11,COMPLETED,1,42.0,43.0,5.0,17.0,5.0,17.0,0.0,0.0005192034685058283,0.0,6.0,143.42818834632635
22,12,INTERMEDIATE,1,44.0,44.0,9.0,18.0,6.0,16.0,1.0,0.001,1.0,8.0,264.45499435067177
23,12,COMPLETED,1,44.0,44.0,9.0,18.0,6.0,16.0,1.0,0.001,1.0,8.0,264.45499435067177
24,13,INTERMEDIATE,1,34.0,13.0,11.0,15.0,8.0,10.0,0.0,0.001,0.0,2.0,198.1666785404086
25,13,COMPLETED,1,34.0,13.0,11.0,15.0,8.0,10.0,0.0,0.001,0.0,2.0,198.1666785404086
26,14,INTERMEDIATE,1,13.0,41.0,8.0,12.0,13.0,20.0,0.0,0.001,1.0,9.0,268.1994006522
27,14,COMPLETED,1,13.0,41.0,8.0,12.0,13.0,20.0,0.0,0.001,1.0,9.0,268.1994006522
28,15,INTERMEDIATE,1,17.0,31.0,17.0,4.0,6.0,9.0,0.0,0.001,0.0,3.0,223.33089439757168
29,15,COMPLETED,1,17.0,31.0,17.0,4.0,6.0,9.0,0.0,0.001,0.0,3.0,223.33089439757168
30,16,INTERMEDIATE,1,36.0,35.0,3.0,15.0,15.0,4.0,1.0,0.001,1.0,1.0,182.77703906036913
31,16,COMPLETED,1,36.0,35.0,3.0,15.0,15.0,4.0,1.0,0.001,1.0,1.0,182.77703906036913
32,17,INTERMEDIATE,1,34.0,12.0,6.0,16.0,6.0,7.0,0.0,0.001,0.0,1.0,238.33117002248764
33,17,COMPLETED,1,34.0,12.0,6.0,16.0,6.0,7.0,0.0,0.001,0.0,1.0,238.33117002248764
34,18,INTERMEDIATE,1,14.0,30.0,19.0,6.0,5.0,12.0,0.0,0.001,1.0,4.0,267.7068432494998
35,18,COMPLETED,1,14.0,30.0,19.0,6.0,5.0,12.0,0.0,0.001,1.0,4.0,267.7068432494998
36,19,INTERMEDIATE,1,18.0,39.0,11.0,10.0,6.0,7.0,1.0,0.001,0.0,7.0,272.93933096528053
37,19,COMPLETED,1,18.0,39.0,11.0,10.0,6.0,7.0,1.0,0.001,0.0,7.0,272.93933096528053
38,20,INTERMEDIATE,1,13.0,46.0,14.0,18.0,6.0,17.0,0.0,0.001,1.0,8.0,221.5384977310896
39,20,COMPLETED,1,13.0,46.0,14.0,18.0,6.0,17.0,0.0,0.001,1.0,8.0,221.5384977310896
40,21,INTERMEDIATE,1,12.0,29.0,20.0,4.0,9.0,14.0,0.0,0.001,1.0,8.0,160.72555806208402
41,21,COMPLETED,1,12.0,29.0,20.0,4.0,9.0,14.0,0.0,0.001,1.0,8.0,160.72555806208402
42,22,INTERMEDIATE,1,15.0,38.0,4.0,11.0,7.0,3.0,0.0,0.001,1.0,8.0,274.44318556552753
43,22,COMPLETED,1,15.0,38.0,4.0,11.0,7.0,3.0,0.0,0.001,1.0,8.0,274.44318556552753
44,23,INTERMEDIATE,1,17.0,38.0,7.0,11.0,9.0,6.0,1.0,0.001,0.0,9.0,218.0880702920258
45,23,COMPLETED,1,17.0,38.0,7.0,11.0,9.0,6.0,1.0,0.001,0.0,9.0,218.0880702920258
46,24,INTERMEDIATE,1,42.0,12.0,8.0,20.0,12.0,5.0,0.0,0.001,1.0,6.0,333.40401042997837
47,24,COMPLETED,1,42.0,12.0,8.0,20.0,12.0,5.0,0.0,0.001,1.0,6.0,333.40401042997837
48,25,INTERMEDIATE,1,21.0,47.0,12.0,17.0,17.0,7.0,1.0,0.001,1.0,10.0,199.70414800941944
49,25,COMPLETED,1,21.0,47.0,12.0,17.0,17.0,7.0,1.0,0.001,1.0,10.0,199.70414800941944
50,26,INTERMEDIATE,1,46.0,13.0,10.0,8.0,8.0,6.0,0.0,0.001,0.0,2.0,186.52951036766171
51,26,COMPLETED,1,46.0,13.0,10.0,8.0,8.0,6.0,0.0,0.001,0.0,2.0,186.52951036766171
52,27,INTERMEDIATE,1,18.0,45.0,13.0,18.0,20.0,6.0,0.0,0.001,0.0,6.0,210.65466075390577
53,27,COMPLETED,1,18.0,45.0,13.0,18.0,20.0,6.0,0.0,0.001,0.0,6.0,210.65466075390577
54,28,INTERMEDIATE,1,19.0,37.0,6.0,10.0,7.0,6.0,0.0,0.001,0.0,7.0,177.72995668649673
55,28,COMPLETED,1,19.0,37.0,6.0,10.0,7.0,6.0,0.0,0.001,0.0,7.0,177.72995668649673
56,29,INTERMEDIATE,1,18.0,39.0,8.0,7.0,6.0,8.0,0.0,0.001,1.0,5.0,257.80353189632297
57,29,COMPLETED,1,18.0,39.0,8.0,7.0,6.0,8.0,0.0,0.001,1.0,5.0,257.80353189632297
58,30,INTERMEDIATE,1,18.0,38.0,5.0,13.0,8.0,8.0,0.0,0.001,1.0,7.0,237.16361651569605
59,30,COMPLETED,1,18.0,38.0,5.0,13.0,8.0,8.0,0.0,0.001,1.0,7.0,237.16361651569605
60,31,INTERMEDIATE,1,33.0,15.0,12.0,15.0,10.0,9.0,0.0,0.001,0.0,1.0,222.24076313525438
61,31,COMPLETED,1,33.0,15.0,12.0,15.0,10.0,9.0,0.0,0.001,0.0,1.0,222.24076313525438
62,32,INTERMEDIATE,1,13.0,29.0,17.0,6.0,10.0,11.0,0.0,0.001,0.0,5.0,178.38523227721453
63,32,COMPLETED,1,13.0,29.0,17.0,6.0,10.0,11.0,0.0,0.001,0.0,5.0,178.38523227721453
64,33,INTERMEDIATE,1,35.0,45.0,15.0,15.0,4.0,3.0,0.0,0.001,0.0,1.0,285.7319592908025
65,33,COMPLETED,1,35.0,45.0,15.0,15.0,4.0,3.0,0.0,0.001,0.0,1.0,285.7319592908025
66,34,INTERMEDIATE,1,50.0,29.0,4.0,12.0,14.0,19.0,1.0,0.001,1.0,7.0,214.75795321911573
67,34,COMPLETED,1,50.0,29.0,4.0,12.0,14.0,19.0,1.0,0.001,1.0,7.0,214.75795321911573
68,35,INTERMEDIATE,1,16.0,44.0,14.0,17.0,17.0,7.0,1.0,0.001,0.0,9.0,221.2235874980688
69,35,COMPLETED,1,16.0,44.0,14.0,17.0,17.0,7.0,1.0,0.001,0.0,9.0,221.2235874980688
70,36,INTERMEDIATE,1,32.0,19.0,15.0,20.0,5.0,12.0,1.0,0.001,0.0,4.0,194.72991339676082
71,36,COMPLETED,1,32.0,19.0,15.0,20.0,5.0,12.0,1.0,0.001,0.0,4.0,194.72991339676082
72,37,INTERMEDIATE,1,18.0,45.0,13.0,17.0,17.0,4.0,0.0,0.001,0.0,8.0,232.80003654863685
73,37,COMPLETED,1,18.0,45.0,13.0,17.0,17.0,4.0,0.0,0.001,0.0,8.0,232.80003654863685
74,38,INTERMEDIATE,1,48.0,14.0,10.0,9.0,8.0,4.0,0.0,0.001,1.0,3.0,190.90559503808618
75,38,COMPLETED,1,48.0,14.0,10.0,9.0,8.0,4.0,0.0,0.001,1.0,3.0,190.90559503808618
76,39,INTERMEDIATE,1,42.0,43.0,4.0,18.0,5.0,15.0,1.0,0.001,0.0,5.0,200.4117567911744
77,39,COMPLETED,1,42.0,43.0,4.0,18.0,5.0,15.0,1.0,0.001,0.0,5.0,200.4117567911744
78,40,INTERMEDIATE,1,26.0,43.0,3.0,19.0,14.0,4.0,1.0,0.001,0.0,7.0,201.1819984689355
79,40,COMPLETED,1,26.0,43.0,3.0,19.0,14.0,4.0,1.0,0.001,0.0,7.0,201.1819984689355
80,41,INTERMEDIATE,1,11.0,28.0,18.0,6.0,7.0,16.0,0.0,0.001,1.0,7.0,252.36864410340786
81,41,COMPLETED,1,11.0,28.0,18.0,6.0,7.0,16.0,0.0,0.001,1.0,7.0,252.36864410340786
82,42,INTERMEDIATE,1,15.0,20.0,9.0,8.0,11.0,10.0,1.0,0.001,1.0,10.0,157.50479135662317
83,42,COMPLETED,1,15.0,20.0,9.0,8.0,11.0,10.0,1.0,0.001,1.0,10.0,157.50479135662317
84,43,INTERMEDIATE,1,18.0,36.0,7.0,12.0,6.0,7.0,1.0,0.001,1.0,6.0,207.40837872959673
85,43,COMPLETED,1,18.0,36.0,7.0,12.0,6.0,7.0,1.0,0.001,1.0,6.0,207.40837872959673
86,44,INTERMEDIATE,1,22.0,49.0,11.0,15.0,18.0,7.0,0.0,0.001,0.0,9.0,256.7406300008297
87,44,COMPLETED,1,22.0,49.0,11.0,15.0,18.0,7.0,0.0,0.001,0.0,9.0,256.7406300008297
88,45,INTERMEDIATE,1,35.0,14.0,11.0,13.0,6.0,9.0,0.0,0.001,1.0,3.0,247.84282322973013
89,45,COMPLETED,1,35.0,14.0,11.0,13.0,6.0,9.0,0.0,0.001,1.0,3.0,247.84282322973013
90,46,INTERMEDIATE,1,43.0,20.0,10.0,16.0,4.0,3.0,0.0,0.001,0.0,10.0,327.98892683535814
91,46,COMPLETED,1,43.0,20.0,10.0,16.0,4.0,3.0,0.0,0.001,0.0,10.0,327.98892683535814
92,47,INTERMEDIATE,1,43.0,15.0,9.0,17.0,12.0,7.0,1.0,0.001,0.0,10.0,241.2314883172512
93,47,COMPLETED,1,43.0,15.0,9.0,17.0,12.0,7.0,1.0,0.001,0.0,10.0,241.2314883172512
94,48,INTERMEDIATE,1,11.0,29.0,16.0,5.0,7.0,9.0,1.0,0.001,0.0,5.0,208.08590587973595
95,48,COMPLETED,1,11.0,29.0,16.0,5.0,7.0,9.0,1.0,0.001,0.0,5.0,208.08590587973595
96,49,INTERMEDIATE,1,16.0,42.0,15.0,11.0,5.0,6.0,0.0,0.001,1.0,4.0,234.78178701922297
97,49,COMPLETED,1,16.0,42.0,15.0,11.0,5.0,6.0,0.0,0.001,1.0,4.0,234.78178701922297
98,50,INTERMEDIATE,1,39.0,43.0,3.0,18.0,6.0,20.0,0.0,0.001,1.0,7.0,288.0810941308737
99,50,COMPLETED,1,39.0,43.0,3.0,18.0,6.0,20.0,0.0,0.001,1.0,7.0,288.0810941308737
100,51,INTERMEDIATE,1,48.0,14.0,8.0,10.0,9.0,6.0,0.0,0.001,0.0,4.0,196.75001888535917
101,51,COMPLETED,1,48.0,14.0,8.0,10.0,9.0,6.0,0.0,0.001,0.0,4.0,196.75001888535917
102,52,INTERMEDIATE,1,44.0,25.0,10.0,13.0,8.0,3.0,1.0,0.001,0.0,2.0,238.17652536183596
103,52,COMPLETED,1,44.0,25.0,10.0,13.0,8.0,3.0,1.0,0.001,0.0,2.0,238.17652536183596
104,53,INTERMEDIATE,1,45.0,43.0,9.0,17.0,20.0,4.0,0.0,0.001,0.0,7.0,185.19352962449193
105,53,COMPLETED,1,45.0,43.0,9.0,17.0,20.0,4.0,0.0,0.001,0.0,7.0,185.19352962449193
106,54,INTERMEDIATE,1,38.0,35.0,3.0,14.0,15.0,3.0,1.0,0.001,1.0,3.0,223.52075085788965
107,54,COMPLETED,1,38.0,35.0,3.0,14.0,15.0,3.0,1.0,0.001,1.0,3.0,223.52075085788965
108,55,INTERMEDIATE,1,15.0,27.0,17.0,5.0,7.0,14.0,0.0,0.001,1.0,2.0,209.67831971216947
109,55,COMPLETED,1,15.0,27.0,17.0,5.0,7.0,14.0,0.0,0.001,1.0,2.0,209.67831971216947
110,56,INTERMEDIATE,1,44.0,41.0,5.0,19.0,3.0,14.0,1.0,0.001,1.0,5.0,317.80250303447247
111,56,COMPLETED,1,44.0,41.0,5.0,19.0,3.0,14.0,1.0,0.001,1.0,5.0,317.80250303447247
112,57,INTERMEDIATE,1,29.0,10.0,10.0,6.0,8.0,11.0,0.0,0.001,0.0,9.0,218.30419091600925
113,57,COMPLETED,1,29.0,10.0,10.0,6.0,8.0,11.0,0.0,0.001,0.0,9.0,218.30419091600925
114,58,INTERMEDIATE,1,36.0,20.0,3.0,20.0,14.0,20.0,0.0,0.001,1.0,3.0,208.19168774597347
115,58,COMPLETED,1,36.0,20.0,3.0,20.0,14.0,20.0,0.0,0.001,1.0,3.0,208.19168774597347
116,59,INTERMEDIATE,1,20.0,48.0,14.0,18.0,15.0,6.0,0.0,0.001,1.0,9.0,209.88924468308687
117,59,COMPLETED,1,20.0,48.0,14.0,18.0,15.0,6.0,0.0,0.001,1.0,9.0,209.88924468308687
118,60,INTERMEDIATE,1,24.0,44.0,4.0,17.0,15.0,3.0,1.0,0.001,1.0,8.0,378.6739033292979
119,60,COMPLETED,1,24.0,44.0,4.0,17.0,15.0,3.0,1.0,0.001,1.0,8.0,378.6739033292979
120,61,INTERMEDIATE,1,14.0,27.0,17.0,7.0,8.0,9.0,1.0,0.001,1.0,6.0,272.0762963183224
121,61,COMPLETED,1,14.0,27.0,17.0,7.0,8.0,9.0,1.0,0.001,1.0,6.0,272.0762963183224
122,62,INTERMEDIATE,1,15.0,43.0,11.0,14.0,5.0,9.0,0.0,0.001,1.0,5.0,266.3394750878215
123,62,COMPLETED,1,15.0,43.0,11.0,14.0,5.0,9.0,0.0,0.001,1.0,5.0,266.3394750878215
124,63,INTERMEDIATE,1,42.0,14.0,8.0,17.0,14.0,6.0,0.0,0.001,1.0,8.0,264.237624457106
125,63,COMPLETED,1,42.0,14.0,8.0,17.0,14.0,6.0,0.0,0.001,1.0,8.0,264.237624457106
126,64,INTERMEDIATE,1,13.0,32.0,15.0,3.0,8.0,13.0,0.0,0.001,0.0,3.0,179.32890325039625
127,64,COMPLETED,1,13.0,32.0,15.0,3.0,8.0,13.0,0.0,0.001,0.0,3.0,179.32890325039625
128,65,INTERMEDIATE,1,15.0,19.0,13.0,9.0,13.0,8.0,1.0,0.001,0.0,9.0,216.68766015954316
129,65,COMPLETED,1,15.0,19.0,13.0,9.0,13.0,8.0,1.0,0.001,0.0,9.0,216.68766015954316
130,66,INTERMEDIATE,1,24.0,30.0,15.0,13.0,14.0,12.0,0.0,0.001,0.0,2.0,230.7678397037089
131,66,COMPLETED,1,24.0,30.0,15.0,13.0,14.0,12.0,0.0,0.001,0.0,2.0,230.7678397037089
132,67,INTERMEDIATE,1,33.0,11.0,9.0,13.0,5.0,6.0,0.0,0.001,1.0,2.0,223.63136153295636
133,67,COMPLETED,1,33.0,11.0,9.0,13.0,5.0,6.0,0.0,0.001,1.0,2.0,223.63136153295636
134,68,INTERMEDIATE,1,19.0,44.0,7.0,19.0,5.0,5.0,1.0,0.001,1.0,1.0,207.7419886942953
135,68,COMPLETED,1,19.0,44.0,7.0,19.0,5.0,5.0,1.0,0.001,1.0,1.0,207.7419886942953
136,69,INTERMEDIATE,1,45.0,41.0,7.0,17.0,19.0,4.0,1.0,0.001,0.0,9.0,309.22308739833534
137,69,COMPLETED,1,45.0,41.0,7.0,17.0,19.0,4.0,1.0,0.001,0.0,9.0,309.22308739833534
138,70,INTERMEDIATE,1,10.0,18.0,18.0,7.0,9.0,19.0,0.0,0.001,1.0,4.0,196.53335565887392
139,70,COMPLETED,1,10.0,18.0,18.0,7.0,9.0,19.0,0.0,0.001,1.0,4.0,196.53335565887392
140,71,INTERMEDIATE,1,14.0,29.0,18.0,16.0,4.0,20.0,0.0,0.001,1.0,9.0,258.801693867892
141,71,COMPLETED,1,14.0,29.0,18.0,16.0,4.0,20.0,0.0,0.001,1.0,9.0,258.801693867892
142,72,INTERMEDIATE,1,45.0,19.0,20.0,13.0,3.0,10.0,0.0,0.001,0.0,1.0,309.7028450779617
143,72,COMPLETED,1,45.0,19.0,20.0,13.0,3.0,10.0,0.0,0.001,0.0,1.0,309.7028450779617
144,73,INTERMEDIATE,1,14.0,26.0,19.0,5.0,7.0,15.0,1.0,0.001,1.0,2.0,177.24628566205502
145,73,COMPLETED,1,14.0,26.0,19.0,5.0,7.0,15.0,1.0,0.001,1.0,2.0,177.24628566205502
146,74,INTERMEDIATE,1,39.0,35.0,5.0,16.0,14.0,7.0,1.0,0.001,1.0,2.0,175.86118035763502
147,74,COMPLETED,1,39.0,35.0,5.0,16.0,14.0,7.0,1.0,0.001,1.0,2.0,175.86118035763502
148,75,INTERMEDIATE,1,12.0,29.0,20.0,6.0,9.0,15.0,1.0,0.001,1.0,9.0,301.967333227396
149,75,COMPLETED,1,12.0,29.0,20.0,6.0,9.0,15.0,1.0,0.001,1.0,9.0,301.967333227396
150,76,INTERMEDIATE,1,25.0,29.0,6.0,4.0,5.0,14.0,0.0,0.001,0.0,6.0,244.3260713648051
151,76,COMPLETED,1,25.0,29.0,6.0,4.0,5.0,14.0,0.0,0.001,0.0,6.0,244.3260713648051
152,77,INTERMEDIATE,1,22.0,46.0,11.0,17.0,17.0,5.0,1.0,0.001,0.0,10.0,350.2500821836293
153,77,COMPLETED,1,22.0,46.0,11.0,17.0,17.0,5.0,1.0,0.001,0.0,10.0,350.2500821836293
154,78,INTERMEDIATE,1,12.0,32.0,10.0,10.0,7.0,14.0,1.0,0.001,0.0,9.0,204.5862931497395
155,78,COMPLETED,1,12.0,32.0,10.0,10.0,7.0,14.0,1.0,0.001,0.0,9.0,204.5862931497395
156,79,INTERMEDIATE,1,42.0,18.0,8.0,7.0,9.0,16.0,1.0,0.001,1.0,8.0,217.36579965986311
157,79,COMPLETED,1,42.0,18.0,8.0,7.0,9.0,16.0,1.0,0.001,1.0,8.0,217.36579965986311
158,80,INTERMEDIATE,1,42.0,22.0,16.0,5.0,4.0,9.0,1.0,0.001,1.0,4.0,258.09254064410925
159,80,COMPLETED,1,42.0,22.0,16.0,5.0,4.0,9.0,1.0,0.001,1.0,4.0,258.09254064410925
160,81,INTERMEDIATE,1,29.0,11.0,12.0,5.0,8.0,12.0,1.0,0.001,0.0,10.0,293.8755449950695
161,81,COMPLETED,1,29.0,11.0,12.0,5.0,8.0,12.0,1.0,0.001,0.0,10.0,293.8755449950695
162,82,INTERMEDIATE,1,35.0,11.0,9.0,12.0,8.0,5.0,0.0,0.001,1.0,4.0,191.3693698681891
163,82,COMPLETED,1,35.0,11.0,9.0,12.0,8.0,5.0,0.0,0.001,1.0,4.0,191.3693698681891
164,83,INTERMEDIATE,1,12.0,29.0,17.0,6.0,11.0,10.0,0.0,0.001,1.0,2.0,185.1680657863617
165,83,COMPLETED,1,12.0,29.0,17.0,6.0,11.0,10.0,0.0,0.001,1.0,2.0,185.1680657863617
166,84,INTERMEDIATE,1,12.0,29.0,17.0,6.0,8.0,7.0,1.0,0.001,1.0,4.0,281.71665054932237
167,84,COMPLETED,1,12.0,29.0,17.0,6.0,8.0,7.0,1.0,0.001,1.0,4.0,281.71665054932237
168,85,INTERMEDIATE,1,15.0,29.0,19.0,4.0,7.0,11.0,0.0,0.001,0.0,5.0,183.44673455692828
169,85,COMPLETED,1,15.0,29.0,19.0,4.0,7.0,11.0,0.0,0.001,0.0,5.0,183.44673455692828
170,86,INTERMEDIATE,1,13.0,26.0,19.0,5.0,9.0,15.0,0.0,0.001,1.0,2.0,242.65778070501983
171,86,COMPLETED,1,13.0,26.0,19.0,5.0,9.0,15.0,0.0,0.001,1.0,2.0,242.65778070501983
172,87,INTERMEDIATE,1,39.0,34.0,5.0,13.0,13.0,8.0,1.0,0.001,0.0,1.0,182.7649741321802
173,87,COMPLETED,1,39.0,34.0,5.0,13.0,13.0,8.0,1.0,0.001,0.0,1.0,182.7649741321802
174,88,INTERMEDIATE,1,39.0,36.0,3.0,12.0,13.0,9.0,1.0,0.001,0.0,2.0,264.7170777916908
175,88,COMPLETED,1,39.0,36.0,3.0,12.0,13.0,9.0,1.0,0.001,0.0,2.0,264.7170777916908
176,89,INTERMEDIATE,1,10.0,19.0,19.0,8.0,6.0,19.0,0.0,0.001,1.0,2.0,239.9904073625803
177,89,COMPLETED,1,10.0,19.0,19.0,8.0,6.0,19.0,0.0,0.001,1.0,2.0,239.9904073625803
178,90,INTERMEDIATE,1,34.0,20.0,16.0,18.0,8.0,11.0,0.0,0.001,1.0,5.0,257.1768949460238
179,90,COMPLETED,1,34.0,20.0,16.0,18.0,8.0,11.0,0.0,0.001,1.0,5.0,257.1768949460238
180,91,INTERMEDIATE,1,40.0,10.0,11.0,15.0,7.0,6.0,1.0,0.001,0.0,1.0,195.10346164926887
181,91,COMPLETED,1,40.0,10.0,11.0,15.0,7.0,6.0,1.0,0.001,0.0,1.0,195.10346164926887
182,92,INTERMEDIATE,1,50.0,30.0,4.0,12.0,12.0,17.0,1.0,0.001,0.0,8.0,200.1218224130571
183,92,COMPLETED,1,50.0,30.0,4.0,12.0,12.0,17.0,1.0,0.001,0.0,8.0,200.1218224130571
184,93,INTERMEDIATE,1,50.0,13.0,9.0,9.0,9.0,5.0,1.0,0.001,0.0,4.0,236.61571126058698
185,93,COMPLETED,1,50.0,13.0,9.0,9.0,9.0,5.0,1.0,0.001,0.0,4.0,236.61571126058698
186,94,INTERMEDIATE,1,43.0,44.0,10.0,18.0,18.0,5.0,0.0,0.001,0.0,4.0,221.20993234589696
187,94,COMPLETED,1,43.0,44.0,10.0,18.0,18.0,5.0,0.0,0.001,0.0,4.0,221.20993234589696
188,95,INTERMEDIATE,1,36.0,35.0,5.0,16.0,16.0,6.0,1.0,0.001,0.0,3.0,171.93814322166145
189,95,COMPLETED,1,36.0,35.0,5.0,16.0,16.0,6.0,1.0,0.001,0.0,3.0,171.93814322166145
190,96,INTERMEDIATE,1,11.0,29.0,15.0,5.0,7.0,8.0,1.0,0.001,1.0,5.0,207.84246829152107
191,96,COMPLETED,1,11.0,29.0,15.0,5.0,7.0,8.0,1.0,0.001,1.0,5.0,207.84246829152107
192,97,INTERMEDIATE,1,49.0,13.0,11.0,9.0,7.0,3.0,1.0,0.001,1.0,3.0,307.6446862742305
193,97,COMPLETED,1,49.0,13.0,11.0,9.0,7.0,3.0,1.0,0.001,1.0,3.0,307.6446862742305
194,98,INTERMEDIATE,1,43.0,43.0,5.0,17.0,8.0,17.0,0.0,0.001,0.0,9.0,278.7974905055016
195,98,COMPLETED,1,43.0,43.0,5.0,17.0,8.0,17.0,0.0,0.001,0.0,9.0,278.7974905055016
196,99,INTERMEDIATE,1,27.0,43.0,4.0,20.0,16.0,5.0,0.0,0.001,0.0,7.0,423.3214408606291
197,99,COMPLETED,1,27.0,43.0,4.0,20.0,16.0,5.0,0.0,0.001,0.0,7.0,423.3214408606291
198,100,INTERMEDIATE,1,40.0,11.0,9.0,13.0,8.0,4.0,0.0,0.001,1.0,1.0,244.8025835417211
199,100,COMPLETED,1,40.0,11.0,9.0,13.0,8.0,4.0,0.0,0.001,1.0,1.0,244.8025835417211
200,101,INTERMEDIATE,1,46.0,11.0,7.0,8.0,7.0,9.0,1.0,0.001,0.0,3.0,232.0548768993467
201,101,COMPLETED,1,46.0,11.0,7.0,8.0,7.0,9.0,1.0,0.001,0.0,3.0,232.0548768993467
202,102,INTERMEDIATE,1,32.0,18.0,14.0,20.0,8.0,14.0,1.0,0.001,0.0,4.0,205.51311913132668
203,102,COMPLETED,1,32.0,18.0,14.0,20.0,8.0,14.0,1.0,0.001,0.0,4.0,205.51311913132668
204,103,INTERMEDIATE,1,44.0,16.0,9.0,8.0,11.0,16.0,0.0,0.001,1.0,9.0,258.0357088856399
205,103,COMPLETED,1,44.0,16.0,9.0,8.0,11.0,16.0,0.0,0.001,1.0,9.0,258.0357088856399
206,104,INTERMEDIATE,1,14.0,28.0,18.0,8.0,10.0,12.0,0.0,0.001,1.0,1.0,167.0519800055772
207,104,COMPLETED,1,14.0,28.0,18.0,8.0,10.0,12.0,0.0,0.001,1.0,1.0,167.0519800055772
208,105,INTERMEDIATE,1,46.0,44.0,8.0,15.0,18.0,5.0,0.0,0.001,1.0,6.0,207.88444402813911
209,105,COMPLETED,1,46.0,44.0,8.0,15.0,18.0,5.0,0.0,0.001,1.0,6.0,207.88444402813911
210,106,INTERMEDIATE,1,33.0,15.0,9.0,17.0,7.0,10.0,1.0,0.001,0.0,2.0,183.67455999553204
211,106,COMPLETED,1,33.0,15.0,9.0,17.0,7.0,10.0,1.0,0.001,0.0,2.0,183.67455999553204
212,107,INTERMEDIATE,1,22.0,35.0,6.0,10.0,8.0,5.0,1.0,0.001,0.0,8.0,195.3072129637003
213,107,COMPLETED,1,22.0,35.0,6.0,10.0,8.0,5.0,1.0,0.001,0.0,8.0,195.3072129637003
214,108,INTERMEDIATE,1,15.0,26.0,17.0,4.0,5.0,12.0,0.0,0.001,1.0,2.0,228.91144623607397
215,108,COMPLETED,1,15.0,26.0,17.0,4.0,5.0,12.0,0.0,0.001,1.0,2.0,228.91144623607397
216,109,INTERMEDIATE,1,16.0,28.0,16.0,3.0,7.0,17.0,0.0,0.001,1.0,6.0,235.5210882537067
217,109,COMPLETED,1,16.0,28.0,16.0,3.0,7.0,17.0,0.0,0.001,1.0,6.0,235.5210882537067
218,110,INTERMEDIATE,1,34.0,20.0,14.0,19.0,4.0,9.0,1.0,0.001,0.0,2.0,189.20776104088873
219,110,COMPLETED,1,34.0,20.0,14.0,19.0,4.0,9.0,1.0,0.001,0.0,2.0,189.20776104088873
220,111,INTERMEDIATE,1,13.0,30.0,15.0,7.0,11.0,9.0,1.0,0.001,0.0,4.0,273.48110653460026
221,111,COMPLETED,1,13.0,30.0,15.0,7.0,11.0,9.0,1.0,0.001,0.0,4.0,273.48110653460026
222,112,INTERMEDIATE,1,13.0,28.0,15.0,5.0,11.0,13.0,0.0,0.001,1.0,4.0,241.381504021585
223,112,COMPLETED,1,13.0,28.0,15.0,5.0,11.0,13.0,0.0,0.001,1.0,4.0,241.381504021585
224,113,INTERMEDIATE,1,23.0,35.0,5.0,13.0,8.0,3.0,0.0,0.001,1.0,7.0,221.27096850052476
225,113,COMPLETED,1,23.0,35.0,5.0,13.0,8.0,3.0,0.0,0.001,1.0,7.0,221.27096850052476
226,114,INTERMEDIATE,1,14.0,31.0,17.0,8.0,9.0,12.0,1.0,0.001,1.0,2.0,206.15596817061305
227,114,COMPLETED,1,14.0,31.0,17.0,8.0,9.0,12.0,1.0,0.001,1.0,2.0,206.15596817061305
228,115,INTERMEDIATE,1,15.0,18.0,6.0,9.0,12.0,11.0,1.0,0.001,1.0,9.0,268.01382556557655
229,115,COMPLETED,1,15.0,18.0,6.0,9.0,12.0,11.0,1.0,0.001,1.0,9.0,268.01382556557655
230,116,INTERMEDIATE,1,17.0,27.0,20.0,4.0,10.0,11.0,1.0,0.001,1.0,5.0,175.66512217884883
231,116,COMPLETED,1,17.0,27.0,20.0,4.0,10.0,11.0,1.0,0.001,1.0,5.0,175.66512217884883
232,117,INTERMEDIATE,1,42.0,44.0,5.0,19.0,4.0,17.0,0.0,0.001,1.0,8.0,246.74382835254073
233,117,COMPLETED,1,42.0,44.0,5.0,19.0,4.0,17.0,0.0,0.001,1.0,8.0,246.74382835254073
234,118,INTERMEDIATE,1,45.0,12.0,8.0,16.0,10.0,5.0,1.0,0.001,0.0,9.0,234.89108507335186
235,118,COMPLETED,1,45.0,12.0,8.0,16.0,10.0,5.0,1.0,0.001,0.0,9.0,234.89108507335186
236,119,INTERMEDIATE,1,41.0,43.0,4.0,18.0,5.0,13.0,1.0,0.001,1.0,6.0,236.59689180925488
237,119,COMPLETED,1,41.0,43.0,4.0,18.0,5.0,13.0,1.0,0.001,1.0,6.0,236.59689180925488
238,120,INTERMEDIATE,1,41.0,44.0,7.0,20.0,19.0,5.0,1.0,0.001,1.0,5.0,239.18477057479322
239,120,COMPLETED,1,41.0,44.0,7.0,20.0,19.0,5.0,1.0,0.001,1.0,5.0,239.18477057479322
240,121,INTERMEDIATE,1,37.0,38.0,5.0,17.0,15.0,5.0,1.0,0.001,1.0,3.0,208.18924861773849
241,121,COMPLETED,1,37.0,38.0,5.0,17.0,15.0,5.0,1.0,0.001,1.0,3.0,208.18924861773849
242,122,INTERMEDIATE,1,15.0,41.0,6.0,12.0,6.0,8.0,0.0,0.001,0.0,5.0,256.046519741416
243,122,COMPLETED,1,15.0,41.0,6.0,12.0,6.0,8.0,0.0,0.001,0.0,5.0,256.046519741416
244,123,INTERMEDIATE,1,19.0,34.0,5.0,10.0,9.0,6.0,1.0,0.001,0.0,5.0,188.21653025969863
245,123,COMPLETED,1,19.0,34.0,5.0,10.0,9.0,6.0,1.0,0.001,0.0,5.0,188.21653025969863
246,124,INTERMEDIATE,1,11.0,30.0,16.0,6.0,10.0,13.0,0.0,0.001,0.0,5.0,274.1390847861767
247,124,COMPLETED,1,11.0,30.0,16.0,6.0,10.0,13.0,0.0,0.001,0.0,5.0,274.1390847861767
248,125,INTERMEDIATE,1,18.0,37.0,4.0,10.0,8.0,6.0,1.0,0.001,1.0,6.0,189.97275385260582
249,125,COMPLETED,1,18.0,37.0,4.0,10.0,8.0,6.0,1.0,0.001,1.0,6.0,189.97275385260582
250,126,INTERMEDIATE,1,17.0,44.0,15.0,20.0,16.0,7.0,0.0,0.001,0.0,9.0,261.40260992757976
251,126,COMPLETED,1,17.0,44.0,15.0,20.0,16.0,7.0,0.0,0.001,0.0,9.0,261.40260992757976
252,127,INTERMEDIATE,1,38.0,34.0,4.0,13.0,16.0,10.0,0.0,0.001,1.0,2.0,264.64638340473175
253,127,COMPLETED,1,38.0,34.0,4.0,13.0,16.0,10.0,0.0,0.001,1.0,2.0,264.64638340473175
254,128,INTERMEDIATE,1,33.0,15.0,7.0,18.0,10.0,8.0,1.0,0.001,1.0,1.0,208.73857275396585
255,128,COMPLETED,1,33.0,15.0,7.0,18.0,10.0,8.0,1.0,0.001,1.0,1.0,208.73857275396585
256,129,INTERMEDIATE,1,41.0,42.0,5.0,14.0,6.0,18.0,1.0,0.001,0.0,4.0,255.8520331736654
257,129,COMPLETED,1,41.0,42.0,5.0,14.0,6.0,18.0,1.0,0.001,0.0,4.0,255.8520331736654
258,130,INTERMEDIATE,1,12.0,30.0,19.0,6.0,11.0,8.0,0.0,0.001,0.0,3.0,211.98157087527215
259,130,COMPLETED,1,12.0,30.0,19.0,6.0,11.0,8.0,0.0,0.001,0.0,3.0,211.98157087527215
260,131,INTERMEDIATE,1,41.0,13.0,7.0,17.0,11.0,4.0,1.0,0.001,1.0,9.0,359.09396287053823
261,131,COMPLETED,1,41.0,13.0,7.0,17.0,11.0,4.0,1.0,0.001,1.0,9.0,359.09396287053823
262,132,INTERMEDIATE,1,13.0,32.0,11.0,9.0,7.0,17.0,0.0,0.001,1.0,9.0,251.64739966392517
263,132,COMPLETED,1,13.0,32.0,11.0,9.0,7.0,17.0,0.0,0.001,1.0,9.0,251.64739966392517
264,133,INTERMEDIATE,1,34.0,48.0,13.0,16.0,3.0,6.0,1.0,0.001,1.0,1.0,204.53579533286393
265,133,COMPLETED,1,34.0,48.0,13.0,16.0,3.0,6.0,1.0,0.001,1.0,1.0,204.53579533286393
266,134,INTERMEDIATE,1,47.0,14.0,9.0,10.0,7.0,8.0,1.0,0.001,1.0,6.0,186.17807648703456
267,134,COMPLETED,1,47.0,14.0,9.0,10.0,7.0,8.0,1.0,0.001,1.0,6.0,186.17807648703456
268,135,INTERMEDIATE,1,34.0,16.0,9.0,14.0,6.0,9.0,1.0,0.001,1.0,1.0,210.05919970571995
269,135,COMPLETED,1,34.0,16.0,9.0,14.0,6.0,9.0,1.0,0.001,1.0,1.0,210.05919970571995
270,136,INTERMEDIATE,1,32.0,22.0,15.0,17.0,5.0,11.0,1.0,0.001,1.0,3.0,232.2956702709198
271,136,COMPLETED,1,32.0,22.0,15.0,17.0,5.0,11.0,1.0,0.001,1.0,3.0,232.2956702709198
272,137,INTERMEDIATE,1,23.0,34.0,5.0,10.0,8.0,4.0,1.0,0.001,0.0,8.0,252.22315806522965
273,137,COMPLETED,1,23.0,34.0,5.0,10.0,8.0,4.0,1.0,0.001,0.0,8.0,252.22315806522965
274,138,INTERMEDIATE,1,12.0,32.0,13.0,3.0,10.0,13.0,1.0,0.001,1.0,3.0,163.55809311941266
275,138,COMPLETED,1,12.0,32.0,13.0,3.0,10.0,13.0,1.0,0.001,1.0,3.0,163.55809311941266
276,139,INTERMEDIATE,1,18.0,30.0,17.0,5.0,6.0,10.0,0.0,0.001,0.0,3.0,348.317636821419
277,139,COMPLETED,1,18.0,30.0,17.0,5.0,6.0,10.0,0.0,0.001,0.0,3.0,348.317636821419
278,140,INTERMEDIATE,1,23.0,36.0,6.0,14.0,11.0,3.0,1.0,0.001,1.0,5.0,203.10427043959498
279,140,COMPLETED,1,23.0,36.0,6.0,14.0,11.0,3.0,1.0,0.001,1.0,5.0,203.10427043959498
280,141,INTERMEDIATE,1,15.0,47.0,14.0,17.0,5.0,17.0,0.0,0.001,0.0,10.0,230.49691501259804
281,141,COMPLETED,1,15.0,47.0,14.0,17.0,5.0,17.0,0.0,0.001,0.0,10.0,230.49691501259804
282,142,INTERMEDIATE,1,22.0,48.0,16.0,18.0,15.0,6.0,0.0,0.001,0.0,10.0,294.0136645510793
283,142,COMPLETED,1,22.0,48.0,16.0,18.0,15.0,6.0,0.0,0.001,0.0,10.0,294.0136645510793
284,143,INTERMEDIATE,1,30.0,16.0,6.0,17.0,9.0,8.0,1.0,0.001,0.0,2.0,198.00154374539852
285,143,COMPLETED,1,30.0,16.0,6.0,17.0,9.0,8.0,1.0,0.001,0.0,2.0,198.00154374539852
286,144,INTERMEDIATE,1,17.0,24.0,20.0,6.0,11.0,10.0,0.0,0.001,1.0,5.0,206.28500048816204
287,144,COMPLETED,1,17.0,24.0,20.0,6.0,11.0,10.0,0.0,0.001,1.0,5.0,206.28500048816204
288,145,INTERMEDIATE,1,33.0,12.0,10.0,12.0,8.0,9.0,0.0,0.001,1.0,2.0,223.32980697974563
289,145,COMPLETED,1,33.0,12.0,10.0,12.0,8.0,9.0,0.0,0.001,1.0,2.0,223.32980697974563
290,146,INTERMEDIATE,1,20.0,42.0,7.0,18.0,5.0,4.0,0.0,0.001,1.0,2.0,265.10104924067855
291,146,COMPLETED,1,20.0,42.0,7.0,18.0,5.0,4.0,0.0,0.001,1.0,2.0,265.10104924067855
292,147,INTERMEDIATE,1,34.0,15.0,11.0,16.0,11.0,8.0,1.0,0.001,0.0,3.0,224.0940334945917
293,147,COMPLETED,1,34.0,15.0,11.0,16.0,11.0,8.0,1.0,0.001,0.0,3.0,224.0940334945917
294,148,INTERMEDIATE,1,36.0,32.0,6.0,15.0,17.0,6.0,1.0,0.001,0.0,1.0,244.2952219210565
295,148,COMPLETED,1,36.0,32.0,6.0,15.0,17.0,6.0,1.0,0.001,0.0,1.0,244.2952219210565
296,149,INTERMEDIATE,1,16.0,28.0,19.0,4.0,8.0,14.0,1.0,0.001,0.0,2.0,292.2429786324501
297,149,COMPLETED,1,16.0,28.0,19.0,4.0,8.0,14.0,1.0,0.001,0.0,2.0,292.2429786324501
298,150,INTERMEDIATE,1,29.0,17.0,5.0,16.0,11.0,8.0,1.0,0.001,0.0,5.0,279.57109025307
299,150,COMPLETED,1,29.0,17.0,5.0,16.0,11.0,8.0,1.0,0.001,0.0,5.0,279.57109025307
300,151,INTERMEDIATE,1,15.0,32.0,16.0,3.0,5.0,10.0,1.0,0.001,1.0,3.0,203.0294447541237
301,151,COMPLETED,1,15.0,32.0,16.0,3.0,5.0,10.0,1.0,0.001,1.0,3.0,203.0294447541237
302,152,INTERMEDIATE,1,36.0,36.0,5.0,19.0,16.0,8.0,1.0,0.001,0.0,3.0,247.44996394962072
303,152,COMPLETED,1,36.0,36.0,5.0,19.0,16.0,8.0,1.0,0.001,0.0,3.0,247.44996394962072
304,153,INTERMEDIATE,1,34.0,19.0,14.0,18.0,3.0,5.0,1.0,0.001,0.0,2.0,194.29864399135113
305,153,COMPLETED,1,34.0,19.0,14.0,18.0,3.0,5.0,1.0,0.001,0.0,2.0,194.29864399135113
306,154,INTERMEDIATE,1,33.0,13.0,9.0,14.0,7.0,5.0,0.0,0.001,1.0,5.0,265.81470511853695
307,154,COMPLETED,1,33.0,13.0,9.0,14.0,7.0,5.0,0.0,0.001,1.0,5.0,265.81470511853695
308,155,INTERMEDIATE,1,15.0,30.0,15.0,4.0,6.0,8.0,1.0,0.001,1.0,4.0,237.94623806886375
309,155,COMPLETED,1,15.0,30.0,15.0,4.0,6.0,8.0,1.0,0.001,1.0,4.0,237.94623806886375
310,156,INTERMEDIATE,1,37.0,34.0,3.0,17.0,14.0,5.0,1.0,0.001,0.0,2.0,168.23156182467937
311,156,COMPLETED,1,37.0,34.0,3.0,17.0,14.0,5.0,1.0,0.001,0.0,2.0,168.23156182467937
312,157,INTERMEDIATE,1,31.0,18.0,11.0,20.0,8.0,15.0,1.0,0.001,1.0,2.0,246.77484458126128
313,157,COMPLETED,1,31.0,18.0,11.0,20.0,8.0,15.0,1.0,0.001,1.0,2.0,246.77484458126128
314,158,INTERMEDIATE,1,35.0,11.0,10.0,12.0,8.0,4.0,1.0,0.001,1.0,2.0,274.89752953127027
315,158,COMPLETED,1,35.0,11.0,10.0,12.0,8.0,4.0,1.0,0.001,1.0,2.0,274.89752953127027
316,159,INTERMEDIATE,1,36.0,12.0,8.0,17.0,5.0,7.0,0.0,0.001,0.0,3.0,354.6370069887489
317,159,COMPLETED,1,36.0,12.0,8.0,17.0,5.0,7.0,0.0,0.001,0.0,3.0,354.6370069887489
318,160,INTERMEDIATE,1,24.0,38.0,4.0,16.0,13.0,3.0,1.0,0.001,1.0,4.0,315.38121121376753
319,160,COMPLETED,1,24.0,38.0,4.0,16.0,13.0,3.0,1.0,0.001,1.0,4.0,315.38121121376753
320,161,INTERMEDIATE,1,10.0,33.0,17.0,3.0,9.0,12.0,1.0,0.001,1.0,4.0,271.0003088079393
321,161,COMPLETED,1,10.0,33.0,17.0,3.0,9.0,12.0,1.0,0.001,1.0,4.0,271.0003088079393
322,162,INTERMEDIATE,1,19.0,37.0,8.0,9.0,8.0,5.0,1.0,0.001,0.0,7.0,161.84861174225807
323,162,COMPLETED,1,19.0,37.0,8.0,9.0,8.0,5.0,1.0,0.001,0.0,7.0,161.84861174225807
324,163,INTERMEDIATE,1,16.0,29.0,17.0,5.0,10.0,9.0,0.0,0.001,1.0,5.0,207.77146306820214
325,163,COMPLETED,1,16.0,29.0,17.0,5.0,10.0,9.0,0.0,0.001,1.0,5.0,207.77146306820214
326,164,INTERMEDIATE,1,21.0,47.0,12.0,17.0,17.0,10.0,1.0,0.001,1.0,10.0,284.8676563575864
327,164,COMPLETED,1,21.0,47.0,12.0,17.0,17.0,10.0,1.0,0.001,1.0,10.0,284.8676563575864
328,165,INTERMEDIATE,1,13.0,28.0,18.0,3.0,10.0,10.0,0.0,0.001,1.0,5.0,209.43525505810976
329,165,COMPLETED,1,13.0,28.0,18.0,3.0,10.0,10.0,0.0,0.001,1.0,5.0,209.43525505810976
330,166,INTERMEDIATE,1,18.0,43.0,11.0,17.0,17.0,6.0,1.0,0.001,1.0,10.0,166.12486801669002
331,166,COMPLETED,1,18.0,43.0,11.0,17.0,17.0,6.0,1.0,0.001,1.0,10.0,166.12486801669002
332,167,INTERMEDIATE,1,48.0,13.0,8.0,10.0,10.0,4.0,1.0,0.001,1.0,6.0,213.7729664556682
333,167,COMPLETED,1,48.0,13.0,8.0,10.0,10.0,4.0,1.0,0.001,1.0,6.0,213.7729664556682
334,168,INTERMEDIATE,1,31.0,11.0,9.0,14.0,5.0,7.0,0.0,0.001,1.0,4.0,195.2779842838645
335,168,COMPLETED,1,31.0,11.0,9.0,14.0,5.0,7.0,0.0,0.001,1.0,4.0,195.2779842838645
336,169,INTERMEDIATE,1,14.0,30.0,16.0,9.0,8.0,14.0,0.0,0.001,0.0,3.0,195.63467301707715
337,169,COMPLETED,1,14.0,30.0,16.0,9.0,8.0,14.0,0.0,0.001,0.0,3.0,195.63467301707715
338,170,INTERMEDIATE,1,40.0,21.0,9.0,18.0,10.0,8.0,0.0,0.001,1.0,4.0,216.36406395584345
339,170,COMPLETED,1,40.0,21.0,9.0,18.0,10.0,8.0,0.0,0.001,1.0,4.0,216.36406395584345
340,171,INTERMEDIATE,1,11.0,32.0,18.0,5.0,9.0,13.0,0.0,0.001,0.0,8.0,291.6799866575748
341,171,COMPLETED,1,11.0,32.0,18.0,5.0,9.0,13.0,0.0,0.001,0.0,8.0,291.6799866575748
342,172,INTERMEDIATE,1,14.0,31.0,18.0,9.0,9.0,12.0,1.0,0.001,0.0,4.0,184.79026071168482
343,172,COMPLETED,1,14.0,31.0,18.0,9.0,9.0,12.0,1.0,0.001,0.0,4.0,184.79026071168482
344,173,INTERMEDIATE,1,36.0,36.0,4.0,15.0,16.0,5.0,1.0,0.001,1.0,1.0,213.88160698115826
345,173,COMPLETED,1,36.0,36.0,4.0,15.0,16.0,5.0,1.0,0.001,1.0,1.0,213.88160698115826
346,174,INTERMEDIATE,1,10.0,30.0,15.0,5.0,8.0,6.0,1.0,0.001,1.0,5.0,202.63572301715612
347,174,COMPLETED,1,10.0,30.0,15.0,5.0,8.0,6.0,1.0,0.001,1.0,5.0,202.63572301715612
348,175,INTERMEDIATE,1,43.0,43.0,6.0,18.0,6.0,18.0,1.0,0.001,1.0,4.0,232.75954218860716
349,175,COMPLETED,1,43.0,43.0,6.0,18.0,6.0,18.0,1.0,0.001,1.0,4.0,232.75954218860716
350,176,INTERMEDIATE,1,11.0,21.0,17.0,9.0,8.0,18.0,0.0,0.001,0.0,5.0,215.7034210935235
351,176,COMPLETED,1,11.0,21.0,17.0,9.0,8.0,18.0,0.0,0.001,0.0,5.0,215.7034210935235
352,177,INTERMEDIATE,1,16.0,29.0,19.0,4.0,5.0,10.0,1.0,0.001,0.0,6.0,219.1326812915504
353,177,COMPLETED,1,16.0,29.0,19.0,4.0,5.0,10.0,1.0,0.001,0.0,6.0,219.1326812915504
354,178,INTERMEDIATE,1,42.0,18.0,10.0,8.0,9.0,17.0,1.0,0.001,0.0,6.0,270.48576132953167
355,178,COMPLETED,1,42.0,18.0,10.0,8.0,9.0,17.0,1.0,0.001,0.0,6.0,270.48576132953167
356,179,INTERMEDIATE,1,11.0,32.0,14.0,4.0,7.0,5.0,0.0,0.001,1.0,4.0,205.15703487209976
357,179,COMPLETED,1,11.0,32.0,14.0,4.0,7.0,5.0,0.0,0.001,1.0,4.0,205.15703487209976
358,180,INTERMEDIATE,1,44.0,43.0,7.0,15.0,18.0,5.0,0.0,0.001,0.0,6.0,296.7937206942588
359,180,COMPLETED,1,44.0,43.0,7.0,15.0,18.0,5.0,0.0,0.001,0.0,6.0,296.7937206942588
360,181,INTERMEDIATE,1,37.0,33.0,5.0,15.0,12.0,6.0,0.0,0.001,0.0,3.0,239.59607895463705
361,181,COMPLETED,1,37.0,33.0,5.0,15.0,12.0,6.0,0.0,0.001,0.0,3.0,239.59607895463705
362,182,INTERMEDIATE,1,44.0,11.0,8.0,17.0,12.0,8.0,1.0,0.001,0.0,7.0,322.54915660619736
363,182,COMPLETED,1,44.0,11.0,8.0,17.0,12.0,8.0,1.0,0.001,0.0,7.0,322.54915660619736
364,183,INTERMEDIATE,1,44.0,41.0,10.0,18.0,18.0,7.0,0.0,0.001,0.0,5.0,225.20951975136995
365,183,COMPLETED,1,44.0,41.0,10.0,18.0,18.0,7.0,0.0,0.001,0.0,5.0,225.20951975136995
366,184,INTERMEDIATE,1,16.0,40.0,7.0,9.0,8.0,6.0,1.0,0.001,1.0,7.0,196.54015703545883
367,184,COMPLETED,1,16.0,40.0,7.0,9.0,8.0,6.0,1.0,0.001,1.0,7.0,196.54015703545883
368,185,INTERMEDIATE,1,36.0,37.0,7.0,19.0,17.0,4.0,0.0,0.001,1.0,2.0,250.85212413407862
369,185,COMPLETED,1,36.0,37.0,7.0,19.0,17.0,4.0,0.0,0.001,1.0,2.0,250.85212413407862
370,186,INTERMEDIATE,1,38.0,22.0,8.0,16.0,11.0,8.0,1.0,0.001,0.0,3.0,256.83878916502
371,186,COMPLETED,1,38.0,22.0,8.0,16.0,11.0,8.0,1.0,0.001,0.0,3.0,256.83878916502
372,187,INTERMEDIATE,1,11.0,31.0,17.0,5.0,6.0,8.0,0.0,0.001,0.0,6.0,203.22823453508317
373,187,COMPLETED,1,11.0,31.0,17.0,5.0,6.0,8.0,0.0,0.001,0.0,6.0,203.22823453508317
374,188,INTERMEDIATE,1,21.0,34.0,8.0,10.0,6.0,3.0,0.0,0.001,1.0,9.0,314.1295252032578
375,188,COMPLETED,1,21.0,34.0,8.0,10.0,6.0,3.0,0.0,0.001,1.0,9.0,314.1295252032578
376,189,INTERMEDIATE,1,16.0,34.0,15.0,3.0,6.0,11.0,1.0,0.001,0.0,4.0,176.0645922459662
377,189,COMPLETED,1,16.0,34.0,15.0,3.0,6.0,11.0,1.0,0.001,0.0,4.0,176.0645922459662
378,190,INTERMEDIATE,1,14.0,45.0,14.0,15.0,17.0,7.0,0.0,0.001,0.0,7.0,306.5225383415818
379,190,COMPLETED,1,14.0,45.0,14.0,15.0,17.0,7.0,0.0,0.001,0.0,7.0,306.5225383415818
380,191,INTERMEDIATE,1,12.0,27.0,18.0,9.0,10.0,14.0,0.0,0.001,0.0,2.0,234.41048130579293
381,191,COMPLETED,1,12.0,27.0,18.0,9.0,10.0,14.0,0.0,0.001,0.0,2.0,234.41048130579293
382,192,INTERMEDIATE,1,15.0,29.0,20.0,5.0,11.0,12.0,0.0,0.001,1.0,6.0,276.08904535043985
383,192,COMPLETED,1,15.0,29.0,20.0,5.0,11.0,12.0,0.0,0.001,1.0,6.0,276.08904535043985
384,193,INTERMEDIATE,1,43.0,47.0,4.0,17.0,5.0,17.0,0.0,0.001,1.0,4.0,250.6557666864246
385,193,COMPLETED,1,43.0,47.0,4.0,17.0,5.0,17.0,0.0,0.001,1.0,4.0,250.6557666864246
386,194,INTERMEDIATE,1,23.0,37.0,8.0,14.0,11.0,3.0,1.0,0.001,1.0,4.0,202.66212721914053
387,194,COMPLETED,1,23.0,37.0,8.0,14.0,11.0,3.0,1.0,0.001,1.0,4.0,202.66212721914053
388,195,INTERMEDIATE,1,46.0,42.0,11.0,18.0,17.0,8.0,1.0,0.001,1.0,5.0,216.7435347866267
389,195,COMPLETED,1,46.0,42.0,11.0,18.0,17.0,8.0,1.0,0.001,1.0,5.0,216.7435347866267
390,196,INTERMEDIATE,1,15.0,41.0,8.0,10.0,10.0,4.0,1.0,0.001,0.0,5.0,195.77468240633607
391,196,COMPLETED,1,15.0,41.0,8.0,10.0,10.0,4.0,1.0,0.001,0.0,5.0,195.77468240633607
392,197,INTERMEDIATE,1,23.0,37.0,8.0,11.0,9.0,5.0,0.0,0.001,1.0,9.0,375.15740761347115
393,197,COMPLETED,1,23.0,37.0,8.0,11.0,9.0,5.0,0.0,0.001,1.0,9.0,375.15740761347115
394,198,INTERMEDIATE,1,16.0,40.0,7.0,9.0,10.0,4.0,1.0,0.001,1.0,6.0,308.7650554180145
395,198,COMPLETED,1,16.0,40.0,7.0,9.0,10.0,4.0,1.0,0.001,1.0,6.0,308.7650554180145
396,199,INTERMEDIATE,1,15.0,31.0,17.0,5.0,6.0,14.0,1.0,0.001,0.0,3.0,160.05442080181092
397,199,COMPLETED,1,15.0,31.0,17.0,5.0,6.0,14.0,1.0,0.001,0.0,3.0,160.05442080181092
398,200,INTERMEDIATE,1,17.0,37.0,9.0,13.0,7.0,5.0,1.0,0.001,0.0,7.0,181.25379453971982
399,200,COMPLETED,1,17.0,37.0,9.0,13.0,7.0,5.0,1.0,0.001,0.0,7.0,181.25379453971982
400,201,INTERMEDIATE,1,48.0,30.0,5.0,11.0,12.0,19.0,1.0,0.001,1.0,9.0,290.68106915056705
401,201,COMPLETED,1,48.0,30.0,5.0,11.0,12.0,19.0,1.0,0.001,1.0,9.0,290.68106915056705
402,202,INTERMEDIATE,1,17.0,35.0,10.0,13.0,8.0,5.0,0.0,0.001,0.0,6.0,215.98647911287844
403,202,COMPLETED,1,17.0,35.0,10.0,13.0,8.0,5.0,0.0,0.001,0.0,6.0,215.98647911287844
404,203,INTERMEDIATE,1,46.0,15.0,7.0,11.0,6.0,9.0,0.0,0.001,0.0,6.0,239.18582493811846
405,203,COMPLETED,1,46.0,15.0,7.0,11.0,6.0,9.0,0.0,0.001,0.0,6.0,239.18582493811846
406,204,INTERMEDIATE,1,17.0,35.0,5.0,9.0,6.0,8.0,0.0,0.001,0.0,6.0,418.84221411310136
407,204,COMPLETED,1,17.0,35.0,5.0,9.0,6.0,8.0,0.0,0.001,0.0,6.0,418.84221411310136
408,205,INTERMEDIATE,1,19.0,34.0,4.0,10.0,10.0,7.0,1.0,0.001,0.0,2.0,241.02409134805202
409,205,COMPLETED,1,19.0,34.0,4.0,10.0,10.0,7.0,1.0,0.001,0.0,2.0,241.02409134805202
410,206,INTERMEDIATE,1,21.0,38.0,9.0,8.0,10.0,6.0,0.0,0.001,0.0,7.0,253.80176325142384
411,206,COMPLETED,1,21.0,38.0,9.0,8.0,10.0,6.0,0.0,0.001,0.0,7.0,253.80176325142384
412,207,INTERMEDIATE,1,35.0,38.0,5.0,15.0,17.0,6.0,1.0,0.001,1.0,4.0,168.21723445132375
413,207,COMPLETED,1,35.0,38.0,5.0,15.0,17.0,6.0,1.0,0.001,1.0,4.0,168.21723445132375
414,208,INTERMEDIATE,1,19.0,33.0,6.0,9.0,12.0,5.0,1.0,0.001,1.0,4.0,276.3739072494209
415,208,COMPLETED,1,19.0,33.0,6.0,9.0,12.0,5.0,1.0,0.001,1.0,4.0,276.3739072494209
416,209,INTERMEDIATE,1,18.0,38.0,7.0,8.0,9.0,6.0,1.0,0.001,0.0,6.0,210.1846459824592
417,209,COMPLETED,1,18.0,38.0,7.0,8.0,9.0,6.0,1.0,0.001,0.0,6.0,210.1846459824592
418,210,INTERMEDIATE,1,35.0,33.0,3.0,18.0,13.0,7.0,1.0,0.001,0.0,2.0,250.7845578417182
419,210,COMPLETED,1,35.0,33.0,3.0,18.0,13.0,7.0,1.0,0.001,0.0,2.0,250.7845578417182
420,211,INTERMEDIATE,1,16.0,28.0,19.0,3.0,7.0,10.0,1.0,0.001,1.0,5.0,221.04343581199646
421,211,COMPLETED,1,16.0,28.0,19.0,3.0,7.0,10.0,1.0,0.001,1.0,5.0,221.04343581199646
422,212,INTERMEDIATE,1,13.0,29.0,19.0,10.0,10.0,14.0,0.0,0.001,1.0,2.0,225.3601101487875
423,212,COMPLETED,1,13.0,29.0,19.0,10.0,10.0,14.0,0.0,0.001,1.0,2.0,225.3601101487875
424,213,INTERMEDIATE,1,40.0,33.0,5.0,18.0,15.0,7.0,0.0,0.001,1.0,4.0,229.7937911450863
425,213,COMPLETED,1,40.0,33.0,5.0,18.0,15.0,7.0,0.0,0.001,1.0,4.0,229.7937911450863
426,214,INTERMEDIATE,1,36.0,40.0,5.0,15.0,16.0,6.0,1.0,0.001,0.0,3.0,318.55698699504137
427,214,COMPLETED,1,36.0,40.0,5.0,15.0,16.0,6.0,1.0,0.001,0.0,3.0,318.55698699504137
428,215,INTERMEDIATE,1,14.0,32.0,9.0,8.0,9.0,14.0,1.0,0.001,1.0,10.0,266.23034220188856
429,215,COMPLETED,1,14.0,32.0,9.0,8.0,9.0,14.0,1.0,0.001,1.0,10.0,266.23034220188856
430,216,INTERMEDIATE,1,50.0,30.0,3.0,12.0,15.0,19.0,0.0,0.001,1.0,9.0,212.67037551105022
431,216,COMPLETED,1,50.0,30.0,3.0,12.0,15.0,19.0,0.0,0.001,1.0,9.0,212.67037551105022
432,217,INTERMEDIATE,1,47.0,15.0,8.0,11.0,8.0,3.0,1.0,0.001,1.0,3.0,227.27018148452044
433,217,COMPLETED,1,47.0,15.0,8.0,11.0,8.0,3.0,1.0,0.001,1.0,3.0,227.27018148452044
434,218,INTERMEDIATE,1,39.0,22.0,9.0,17.0,10.0,8.0,0.0,0.001,1.0,6.0,338.4082122296095
435,218,COMPLETED,1,39.0,22.0,9.0,17.0,10.0,8.0,0.0,0.001,1.0,6.0,338.4082122296095
436,219,INTERMEDIATE,1,15.0,21.0,14.0,9.0,11.0,7.0,0.0,0.001,0.0,9.0,203.65926003456116
437,219,COMPLETED,1,15.0,21.0,14.0,9.0,11.0,7.0,0.0,0.001,0.0,9.0,203.65926003456116
438,220,INTERMEDIATE,1,34.0,49.0,15.0,17.0,6.0,6.0,0.0,0.001,0.0,1.0,277.7565377354622
439,220,COMPLETED,1,34.0,49.0,15.0,17.0,6.0,6.0,0.0,0.001,0.0,1.0,277.7565377354622
440,221,INTERMEDIATE,1,14.0,28.0,19.0,7.0,5.0,15.0,1.0,0.001,1.0,1.0,213.80661866813898
441,221,COMPLETED,1,14.0,28.0,19.0,7.0,5.0,15.0,1.0,0.001,1.0,1.0,213.80661866813898
442,222,INTERMEDIATE,1,18.0,37.0,10.0,13.0,6.0,7.0,0.0,0.001,0.0,4.0,175.53830835968256
443,222,COMPLETED,1,18.0,37.0,10.0,13.0,6.0,7.0,0.0,0.001,0.0,4.0,175.53830835968256
444,223,INTERMEDIATE,1,42.0,45.0,5.0,18.0,5.0,16.0,0.0,0.001,0.0,6.0,308.8936733007431
445,223,COMPLETED,1,42.0,45.0,5.0,18.0,5.0,16.0,0.0,0.001,0.0,6.0,308.8936733007431
446,224,INTERMEDIATE,1,11.0,46.0,14.0,17.0,4.0,17.0,1.0,0.001,1.0,7.0,200.61347237974405
447,224,COMPLETED,1,11.0,46.0,14.0,17.0,4.0,17.0,1.0,0.001,1.0,7.0,200.61347237974405
448,225,INTERMEDIATE,1,41.0,42.0,10.0,19.0,19.0,4.0,1.0,0.001,0.0,5.0,200.22897974401712
449,225,COMPLETED,1,41.0,42.0,10.0,19.0,19.0,4.0,1.0,0.001,0.0,5.0,200.22897974401712
450,226,INTERMEDIATE,1,14.0,19.0,14.0,8.0,12.0,9.0,1.0,0.001,0.0,10.0,204.17529710754752
451,226,COMPLETED,1,14.0,19.0,14.0,8.0,12.0,9.0,1.0,0.001,0.0,10.0,204.17529710754752
452,227,INTERMEDIATE,1,17.0,19.0,13.0,10.0,11.0,9.0,0.0,0.001,0.0,10.0,271.9481760635972
453,227,COMPLETED,1,17.0,19.0,13.0,10.0,11.0,9.0,0.0,0.001,0.0,10.0,271.9481760635972
454,228,INTERMEDIATE,1,13.0,28.0,19.0,6.0,8.0,10.0,0.0,0.001,1.0,1.0,249.86327919736505
455,228,COMPLETED,1,13.0,28.0,19.0,6.0,8.0,10.0,0.0,0.001,1.0,1.0,249.86327919736505
456,229,INTERMEDIATE,1,38.0,34.0,3.0,17.0,14.0,3.0,0.0,0.001,0.0,2.0,215.52260794490576
457,229,COMPLETED,1,38.0,34.0,3.0,17.0,14.0,3.0,0.0,0.001,0.0,2.0,215.52260794490576
458,230,INTERMEDIATE,1,16.0,45.0,14.0,18.0,19.0,5.0,0.0,0.001,0.0,8.0,244.53903072699904
459,230,COMPLETED,1,16.0,45.0,14.0,18.0,19.0,5.0,0.0,0.001,0.0,8.0,244.53903072699904
460,231,INTERMEDIATE,1,36.0,10.0,13.0,15.0,7.0,9.0,1.0,0.001,1.0,1.0,162.13320331368595
461,231,COMPLETED,1,36.0,10.0,13.0,15.0,7.0,9.0,1.0,0.001,1.0,1.0,162.13320331368595
462,232,INTERMEDIATE,1,30.0,18.0,16.0,20.0,3.0,12.0,0.0,0.001,1.0,3.0,185.66589109040797
463,232,COMPLETED,1,30.0,18.0,16.0,20.0,3.0,12.0,0.0,0.001,1.0,3.0,185.66589109040797
464,233,INTERMEDIATE,1,36.0,17.0,10.0,3.0,7.0,11.0,0.0,0.001,0.0,5.0,367.40693585947156
465,233,COMPLETED,1,36.0,17.0,10.0,3.0,7.0,11.0,0.0,0.001,0.0,5.0,367.40693585947156
466,234,INTERMEDIATE,1,19.0,37.0,6.0,11.0,9.0,5.0,1.0,0.001,0.0,4.0,157.8248768467456
467,234,COMPLETED,1,19.0,37.0,6.0,11.0,9.0,5.0,1.0,0.001,0.0,4.0,157.8248768467456
468,235,INTERMEDIATE,1,15.0,36.0,9.0,10.0,10.0,5.0,0.0,0.001,1.0,9.0,206.37220991775393
469,235,COMPLETED,1,15.0,36.0,9.0,10.0,10.0,5.0,0.0,0.001,1.0,9.0,206.37220991775393
470,236,INTERMEDIATE,1,45.0,40.0,10.0,19.0,17.0,8.0,1.0,0.001,0.0,5.0,282.84174590557814
471,236,COMPLETED,1,45.0,40.0,10.0,19.0,17.0,8.0,1.0,0.001,0.0,5.0,282.84174590557814
472,237,INTERMEDIATE,1,50.0,29.0,3.0,9.0,13.0,16.0,0.0,0.001,0.0,9.0,621.8360779732466
473,237,COMPLETED,1,50.0,29.0,3.0,9.0,13.0,16.0,0.0,0.001,0.0,9.0,621.8360779732466
474,238,INTERMEDIATE,1,13.0,30.0,14.0,6.0,5.0,14.0,0.0,0.001,0.0,3.0,208.76615891605616
475,238,COMPLETED,1,13.0,30.0,14.0,6.0,5.0,14.0,0.0,0.001,0.0,3.0,208.76615891605616
476,239,INTERMEDIATE,1,48.0,42.0,12.0,16.0,17.0,9.0,1.0,0.001,1.0,6.0,212.59106841497123
477,239,COMPLETED,1,48.0,42.0,12.0,16.0,17.0,9.0,1.0,0.001,1.0,6.0,212.59106841497123
478,240,INTERMEDIATE,1,44.0,10.0,8.0,17.0,11.0,5.0,0.0,0.001,1.0,10.0,336.1563540622592
479,240,COMPLETED,1,44.0,10.0,8.0,17.0,11.0,5.0,0.0,0.001,1.0,10.0,336.1563540622592
480,241,INTERMEDIATE,1,48.0,12.0,8.0,9.0,8.0,3.0,1.0,0.001,1.0,5.0,185.63235472142696
481,241,COMPLETED,1,48.0,12.0,8.0,9.0,8.0,3.0,1.0,0.001,1.0,5.0,185.63235472142696
482,242,INTERMEDIATE,1,12.0,30.0,12.0,4.0,8.0,7.0,1.0,0.001,1.0,4.0,194.69134750962257
483,242,COMPLETED,1,12.0,30.0,12.0,4.0,8.0,7.0,1.0,0.001,1.0,4.0,194.69134750962257
484,243,INTERMEDIATE,1,16.0,27.0,18.0,7.0,12.0,12.0,0.0,0.001,1.0,1.0,201.54327536188066
485,243,COMPLETED,1,16.0,27.0,18.0,7.0,12.0,12.0,0.0,0.001,1.0,1.0,201.54327536188066
486,244,INTERMEDIATE,1,42.0,10.0,10.0,18.0,10.0,5.0,0.0,0.001,1.0,8.0,225.33239522669464
487,244,COMPLETED,1,42.0,10.0,10.0,18.0,10.0,5.0,0.0,0.001,1.0,8.0,225.33239522669464
488,245,INTERMEDIATE,1,15.0,41.0,8.0,9.0,7.0,5.0,1.0,0.001,0.0,5.0,169.10915114358068
489,245,COMPLETED,1,15.0,41.0,8.0,9.0,7.0,5.0,1.0,0.001,0.0,5.0,169.10915114358068
490,246,INTERMEDIATE,1,18.0,36.0,11.0,12.0,11.0,7.0,0.0,0.001,1.0,6.0,206.71652706339955
491,246,COMPLETED,1,18.0,36.0,11.0,12.0,11.0,7.0,0.0,0.001,1.0,6.0,206.71652706339955
492,247,INTERMEDIATE,1,14.0,31.0,13.0,4.0,7.0,8.0,1.0,0.001,0.0,3.0,159.0834292024374
493,247,COMPLETED,1,14.0,31.0,13.0,4.0,7.0,8.0,1.0,0.001,0.0,3.0,159.0834292024374
494,248,INTERMEDIATE,1,16.0,39.0,8.0,12.0,8.0,5.0,0.0,0.001,0.0,9.0,230.85825996287167
495,248,COMPLETED,1,16.0,39.0,8.0,12.0,8.0,5.0,0.0,0.001,0.0,9.0,230.85825996287167
496,249,INTERMEDIATE,1,15.0,20.0,15.0,7.0,12.0,8.0,1.0,0.001,1.0,7.0,223.60504200682044
497,249,COMPLETED,1,15.0,20.0,15.0,7.0,12.0,8.0,1.0,0.001,1.0,7.0,223.60504200682044
498,250,INTERMEDIATE,1,17.0,25.0,17.0,6.0,6.0,14.0,0.0,0.001,0.0,2.0,232.89132615271956
499,250,COMPLETED,1,17.0,25.0,17.0,6.0,6.0,14.0,0.0,0.001,0.0,2.0,232.89132615271956
